Weight,dG'0,dG0,reference,reaction
0.01096,-171.5,-497.454497349,Alberty (2006),Glycerol formation
0.01082,1.90999073604,43.9139321565,54BOW/KER,2 ADP(aq) = AMP(aq) + ATP(aq)
0.01068,51.5,11.5653790857,Alberty (2006),Hydrogen sulfide formation
0.01031,9.90042520979,13.3712431348,61WIL/WIL,L-aspartate(aq) = fumarate(aq) + ammonia(aq)
0.01031,30.5814392796,73.9204939834,82GUY,(R)-glycerate(aq) + NAD(aq) = hydroxypyruvate(aq) + NADH(aq)
0.00972,1.95082355562,1.9571499867,85TEW/GOL2,D-ribose(aq) = D-ribulose(aq)
0.00906,-33.0,-73.7443123148,Alberty (2006),Nitrite formation
-0.00898,91.8,92.609691808,Wagman (1982),Thiocyanate formation
0.00897,-0.245647358333,-3.32353262228,62ESP,ATP(aq) + D-glucose 1-phosphate(aq) = ADPglucose(aq) + pyrophosphate(aq)
0.00866,-17.8155643243,-53.8533386321,80TER/RAB,carbamate(aq) + H2O(l) = ammonia(aq) + carbon dioxide(aq)
0.00866,2.14881212963,2.1549238491,85TEW/GOL2,D-ribose(aq) = D-ribulose(aq)
0.00852,-0.0250666396525,44.383071956,71HOR/HUS,2 ADP(aq) = AMP(aq) + ATP(aq)
0.00845,-5.390777871,-7.97221250811,00BYR/GOL,chorismate(aq) + ammonia(aq) = 2-amino-2-deoxyisochorismate(aq) + H2O(l)
0.00845,-15.4782880611,23.9865045171,82DEM,pyrophosphate(aq) + H2O(l) = 2 orthophosphate(aq)
0.00845,-16.2584084674,23.8011731036,82DEM,pyrophosphate(aq) + H2O(l) = 2 orthophosphate(aq)
0.00771,1.35390594177,46.825580277,85LIE,dihydro--lipoate(aq) + NAD(aq) =-lipoate(aq) + NADH(aq)
-0.00767,18.7,18.7,Alberty (2006),Nitrogen formation
0.00736,-7.03633521145,35.47713415,74GUY/WEB,ATP(aq) + acetate(aq) + CoA(aq) = AMP(aq) + diphosphate(aq) + acetyl-CoA(aq)
0.00736,0.355965835847,45.0572245239,79LAW/VEE,2 ADP(aq) = AMP(aq) + ATP(aq)
0.00736,30.6531691484,30.1901926796,75KUR/KON,D-fructose 1-phosphate(aq) = D-glyceraldehyde(aq) + glycerone phosphate(aq)
0.00736,-0.650040654298,3.4994380125,64MIL/AVI,UDPglucose(aq) + D-fructose(aq) = UDP(aq) + sucrose(aq)
0.00736,-0.213064833801,0.0366571918436,65TSU/SAT,D-glucose(aq) = D-fructose(aq)
0.00736,7.89492546959,6.92021793298,79VAN/DEB,4-aminobutanoate(aq) + 2-oxoglutarate(aq) = 4-oxobutanoate(aq) + L-glutamate(aq)
0.00736,22.6270140163,65.0752236302,58BAC,ethanol(aq) + NAD(aq) = acetaldehyde(aq) + NADH(aq)
0.00736,0.813910381688,-0.796412503955,98TEW/KIS,L-alanine(aq) + 2-oxoglutarate(aq) = pyruvate(aq) + L-glutamate(aq)
0.0072,-5.28473349184,-7.96955282305,00BYR/GOL,chorismate(aq) + ammonia(aq) = 2-amino-2-deoxyisochorismate(aq) + H2O(l)
0.00704,-0.166158249087,-0.16420894447,73HAV/PIT,D-glucose(aq) = D-fructose(aq)
0.00704,-0.279308531085,-0.277277588884,73HAV/PIT,D-glucose(aq) = D-fructose(aq)
0.00704,-0.0548231083077,-0.0529565386554,73HAV/PIT,D-glucose(aq) = D-fructose(aq)
0.00704,0.575118250977,0.575118250977,85BAD/WAL,L-alanine(aq) = D-alanine(aq)
0.00704,18.8923855765,18.927912908,93WER/TWE,(R)-malate(aq) = maleate(aq) + H2O(l)
0.00704,-12.0912290445,-11.65795998,79LAW/VEE,D-glucose 6-phosphate(aq) + H2O(l) = D-glucose(aq) + orthophosphate(aq)
0.00704,-12.1147666191,-11.6814975546,79LAW/VEE,D-glucose 6-phosphate(aq) + H2O(l) = D-glucose(aq) + orthophosphate(aq)
0.00704,14.1567435879,57.3270296612,92KAH/SCH,ribitol(aq) + NAD(aq) = D-ribulose(aq) + NADH(aq)
0.00704,-0.650040654298,-0.794471006829,59TAB/WYN,5-formiminotetrahydrofolate(aq) + L-glutamate(aq) = N-formimino-L-glutamate(aq) + tetrahydrofolate(aq)
0.00704,-11.686858895,-11.6868406744,91TEW/GOL,",-trehalose(aq) + H2O(l) = 2 D-glucose(aq)"
0.00704,-12.2332772524,-12.23325751,91TEW/GOL,",-trehalose(aq) + H2O(l) = 2 D-glucose(aq)"
0.00704,-11.8408830133,-11.8408643043,91TEW/GOL,",-trehalose(aq) + H2O(l) = 2 D-glucose(aq)"
0.00704,-11.4354892929,-11.435471543,91TEW/GOL,",-trehalose(aq) + H2O(l) = 2 D-glucose(aq)"
0.00704,-12.0736987398,-12.0736794896,91TEW/GOL,",-trehalose(aq) + H2O(l) = 2 D-glucose(aq)"
0.00704,0.0520693769953,44.6068515766,79LAW/VEE,2 ADP(aq) = AMP(aq) + ATP(aq)
0.00704,0.0468148461233,44.5794586454,79LAW/VEE,2 ADP(aq) = AMP(aq) + ATP(aq)
0.00704,0.0944957917962,44.6046948992,79LAW/VEE,2 ADP(aq) = AMP(aq) + ATP(aq)
0.00704,0.143075488644,44.8443341767,79LAW/VEE,2 ADP(aq) = AMP(aq) + ATP(aq)
0.00704,-1.02143817192,6.77634471424,93VIN/GRU,Nicotinate D-ribonucleotide(aq) + pyrophosphate(aq) = nicotinic acid(aq) + 5-Phospho-alpha-D-ribose 1-diphosphate(aq)
0.00704,1.92394830688,45.7535229648,91KLE/RAN,2 ADP(aq) = AMP(aq) + ATP(aq)
0.00704,19.5338297072,71.667060433,59KRI,ATP(aq) + pyruvate(aq) = ADP(aq) + phosphoenolpyruvate(aq)
0.00704,16.3470495307,66.2331507127,59KRI,ATP(aq) + pyruvate(aq) = ADP(aq) + phosphoenolpyruvate(aq)
0.00704,18.1774708685,65.9481955839,59KRI,ATP(aq) + pyruvate(aq) = ADP(aq) + phosphoenolpyruvate(aq)
0.00704,18.3549510371,66.1256757526,59KRI,ATP(aq) + pyruvate(aq) = ADP(aq) + phosphoenolpyruvate(aq)
0.00704,15.5568907794,65.4429919614,59KRI,ATP(aq) + pyruvate(aq) = ADP(aq) + phosphoenolpyruvate(aq)
0.00704,24.0,-138.977249259,Alberty (2006),Acetaldehyde formation
0.00694,-426.6,-915.529249298,Alberty (2006),D-Fructose formation
0.00684,-10.1047843456,-9.77999545115,82GUY/THA,L-O-phosphoserine(aq) + H2O(l) = L-serine(aq) + orthophosphate(aq)
0.00684,3.33967877025,3.5031439303,68DYS/NOL,D-glucose 6-phosphate(aq) = D-fructose 6-phosphate(aq)
0.00675,20.5495571806,63.8049201761,54WAK/GRE,(S)-3-hydroxyhexanoyl-CoA(aq) + NAD(aq) = 3-oxohexanoyl-CoA(aq) + NADH(aq)
0.00675,0.216982001474,0.219397273194,67TAK,D-glucose(aq) = D-fructose(aq)
0.00675,-2.92221922029,-2.88663346319,53MAS,fumarate(aq) + H2O(l) = (S)-malate(aq)
0.00675,-3.42172651686,-3.4177559101,53MAS,fumarate(aq) + H2O(l) = (S)-malate(aq)
0.00675,-0.0,-0.0,63ALL/KEL,(R)-methylmalonyl-CoA(aq) = (S)-methylmalonyl-CoA(aq)
0.00675,-10.1714154548,-9.8466265604,82GUY/THA,L-O-phosphoserine(aq) + H2O(l) = L-serine(aq) + orthophosphate(aq)
0.00674,17.8908214018,10.1984928133,41UTT/WER,"D-fructose 1,6-bisphosphate(aq) = 2 glycerone phosphate(aq)"
0.00674,0.919274918398,-0.777267311752,42LEN/STR,L-alanine(aq) + 2-oxoglutarate(aq) = pyruvate(aq) + L-glutamate(aq)
0.00674,4.57161792213,50.594901165,59MER/TOM,cyclohexanol(aq) + NAD(aq) = cyclohexanone(aq) + NADH(aq)
0.00674,-7.29522004242,50.0488609075,59MER/TOM,cyclohexanol(aq) + NAD(aq) = cyclohexanone(aq) + NADH(aq)
0.00674,12.3654192723,12.3231800177,63BER/HOL,acetyl-CoA(aq) + orthophosphate(aq) = CoA(aq) + acetyl phosphate(aq)
0.00674,18.9650903782,67.9246705518,69LAN/DEK,(S)-lactate(aq) + NAD(aq) = pyruvate(aq) + NADH(aq)
0.00674,13.2505772922,67.8990786649,69LAN/DEK,(S)-lactate(aq) + NAD(aq) = pyruvate(aq) + NADH(aq)
0.00674,-1.25570472229,54.1423609982,86KON/POL,(R)-3-hydroxybutanoate(aq) + NAD(aq) = 3-oxobutanoate(aq) + NADH(aq)
0.00674,3.6589380128,60.5428158759,81HIR,D-sorbitol 6-phosphate(aq) + NADP(aq) = D-glucose 6-phosphate(aq) + NADPH(aq)
0.00674,2.8704360695,-0.601993853942,66ALB/BAS,UTP(aq) + D-glucose 1-phosphate(aq) = pyrophosphate(aq) + UDPglucose(aq)
0.00674,5.25322112427,65.2510848,57ROB/COO,3-hydroxy-2-methylpropanoate(aq) + NAD(aq) = 2-methyl-3-oxopropanoate(aq) + NADH(aq)
0.00674,8.23621604955,62.79047371,57ROB/COO,3-hydroxy-2-methylpropanoate(aq) + NAD(aq) = 2-methyl-3-oxopropanoate(aq) + NADH(aq)
0.00674,14.3116456811,63.1863807674,57ROB/COO,3-hydroxy-2-methylpropanoate(aq) + NAD(aq) = 2-methyl-3-oxopropanoate(aq) + NADH(aq)
0.00666,-0.307887788245,44.3007615957,68AVI/ALR,"D-glucose(aq) + NADP(aq) = D-glucono-1,5-lactone(aq) + NADPH(aq)"
0.00666,-10.1151477121,-9.79035881773,82GUY/THA,L-O-phosphoserine(aq) + H2O(l) = L-serine(aq) + orthophosphate(aq)
0.00666,8.67105432502,50.0936347881,54NOD/KUB,ATP(aq) + creatine(aq) = ADP(aq) + phosphocreatine(aq)
0.00656,20.8900899304,119.598784234,68HAT/SLA,ATP(aq) + pyruvate(aq) + orthophosphate(aq) = AMP(aq) + phosphoenolpyruvate(aq) + pyrophosphate(aq)
0.00656,-10.1151477121,-9.79035881773,82GUY/THA,L-O-phosphoserine(aq) + H2O(l) = L-serine(aq) + orthophosphate(aq)
-0.00618,2.41038640096,46.3248546172,91TEW/GOL2,2 ADP(aq) = AMP(aq) + ATP(aq)
0.00611,12.0229561378,4.42995006678,34MEY/LOH,"D-fructose 1,6-bisphosphate(aq) = 2 glycerone phosphate(aq)"
0.00611,17.1617516014,67.5653843792,59MCQ/UTT,ATP(aq) + pyruvate(aq) = ADP(aq) + phosphoenolpyruvate(aq)
0.00601,-5.51822133121,37.3926630174,74GUY/WEB,ATP(aq) + acetate(aq) + CoA(aq) = AMP(aq) + diphosphate(aq) + acetyl-CoA(aq)
0.00601,-5.87257870532,35.2220171894,74GUY/WEB,ATP(aq) + acetate(aq) + CoA(aq) = AMP(aq) + diphosphate(aq) + acetyl-CoA(aq)
0.00601,-5.83193139139,37.1937718451,74GUY/WEB,ATP(aq) + acetate(aq) + CoA(aq) = AMP(aq) + diphosphate(aq) + acetyl-CoA(aq)
0.00601,-5.86425251849,37.2002972846,74GUY/WEB,ATP(aq) + acetate(aq) + CoA(aq) = AMP(aq) + diphosphate(aq) + acetyl-CoA(aq)
0.00601,-7.58594608556,37.6395123025,74GUY/WEB,ATP(aq) + acetate(aq) + CoA(aq) = AMP(aq) + diphosphate(aq) + acetyl-CoA(aq)
0.00601,-5.48434089232,37.5413623442,74GUY/WEB,ATP(aq) + acetate(aq) + CoA(aq) = AMP(aq) + diphosphate(aq) + acetyl-CoA(aq)
0.00601,-6.31507048726,36.4836598719,74GUY/WEB,ATP(aq) + acetate(aq) + CoA(aq) = AMP(aq) + diphosphate(aq) + acetyl-CoA(aq)
0.00601,-5.96351098441,35.1310849103,74GUY/WEB,ATP(aq) + acetate(aq) + CoA(aq) = AMP(aq) + diphosphate(aq) + acetyl-CoA(aq)
0.00601,-5.86960031047,37.156102926,74GUY/WEB,ATP(aq) + acetate(aq) + CoA(aq) = AMP(aq) + diphosphate(aq) + acetyl-CoA(aq)
0.00601,-7.12002071969,37.4497797251,74GUY/WEB,ATP(aq) + acetate(aq) + CoA(aq) = AMP(aq) + diphosphate(aq) + acetyl-CoA(aq)
0.00601,-5.52127947054,37.3896048781,74GUY/WEB,ATP(aq) + acetate(aq) + CoA(aq) = AMP(aq) + diphosphate(aq) + acetyl-CoA(aq)
0.00601,3.55659469846,6.90331772409,59BAR/SMY,L-threo-3-methylaspartate(aq) = 2-methylfumarate(aq) + ammonia(aq)
0.00601,2.93393141112,7.37702142127,59BAR/SMY,L-threo-3-methylaspartate(aq) = 2-methylfumarate(aq) + ammonia(aq)
0.00601,-8.0627986167,32.4046801781,07TEW/KIS,"5,6-dihydrouracil(aq) + H2O(l) = 3-ureidopropanoic acid(aq)"
0.00601,-12.5743851367,33.8831023853,07TEW/KIS,"5,6-dihydrouracil(aq) + H2O(l) = 3-ureidopropanoic acid(aq)"
0.00601,-10.3349373025,33.4848522911,07TEW/KIS,"5,6-dihydrouracil(aq) + H2O(l) = 3-ureidopropanoic acid(aq)"
0.00601,0.530843470146,44.7815293986,66MAR/WAD,2 ADP(aq) = AMP(aq) + ATP(aq)
0.00601,0.0559307204449,0.0585668819421,97CON/DEL,D-glucose(aq) = D-fructose(aq)
0.00601,-0.083061017607,-0.0803669974777,97CON/DEL,D-glucose(aq) = D-fructose(aq)
0.00601,-0.373637113914,-0.370884111868,97CON/DEL,D-glucose(aq) = D-fructose(aq)
0.00601,-0.575300688983,-0.572487545702,97CON/DEL,D-glucose(aq) = D-fructose(aq)
0.00601,-0.966399968101,-0.963525487246,97CON/DEL,D-glucose(aq) = D-fructose(aq)
0.00601,2.8704360695,2.92276140916,63HIN/WOL,D-glucose 6-phosphate(aq) = D-fructose 6-phosphate(aq)
0.00601,0.992233831657,-2.41637558229,61KOR/GLA,dTTP(aq) + D-glucose 1-phosphate(aq) = dTDPglucose(aq) + pyrophosphate(aq)
0.00601,4.90694323215,2.45824690042,65TAT/DAT,citrate(aq) = acetate(aq) + oxaloacetate(aq)
0.00601,5.19204205296,2.74334572123,65TAT/DAT,citrate(aq) = acetate(aq) + oxaloacetate(aq)
0.00601,5.73987771357,3.29118138183,65TAT/DAT,citrate(aq) = acetate(aq) + oxaloacetate(aq)
0.00601,6.45432221029,4.00562587855,65TAT/DAT,citrate(aq) = acetate(aq) + oxaloacetate(aq)
0.00601,9.47901572294,7.03031939121,65TAT/DAT,citrate(aq) = acetate(aq) + oxaloacetate(aq)
0.00601,10.2609320022,7.81223567051,65TAT/DAT,citrate(aq) = acetate(aq) + oxaloacetate(aq)
0.00601,9.98125913816,7.53256280642,65TAT/DAT,citrate(aq) = acetate(aq) + oxaloacetate(aq)
0.00601,9.12977475313,6.68107842139,65TAT/DAT,citrate(aq) = acetate(aq) + oxaloacetate(aq)
0.00601,7.00383817811,4.55514184638,65TAT/DAT,citrate(aq) = acetate(aq) + oxaloacetate(aq)
0.00601,9.21002878148,6.76133244974,65TAT/DAT,citrate(aq) = acetate(aq) + oxaloacetate(aq)
0.00601,9.89912035078,7.45042401904,65TAT/DAT,citrate(aq) = acetate(aq) + oxaloacetate(aq)
0.00601,-3.12358460397,-3.11554423073,71KUN/STA,methylitaconate(aq) = dimethylmaleate(aq)
0.00601,-7.16682886435,-7.16183633924,59MCC/NAJ,-D-glucose 1-phosphate(aq) =-D-glucose 6-phosphate(aq)
0.00601,1.35989240109,1.44725572773,55DIC/WIL,D-ribose 5-phosphate(aq) = D-ribulose 5-phosphate(aq)
0.00601,-6.80176517178,-6.80176517178,02NES/ZHO,"(3,5)-cholesta-7,24-diene-3-ol(aq) = (3,5)-cholesta-8,24-diene-3-ol(aq)"
-0.00592,-0.217096827195,44.1910417684,71HOR/HUS,2 ADP(aq) = AMP(aq) + ATP(aq)
0.00564,1.35552691423,-2.10601648793,73GUY/GEL,citrate(aq) = acetate(aq) + oxaloacetate(aq)
0.00564,0.246697964506,-3.21484543765,73GUY/GEL,citrate(aq) = acetate(aq) + oxaloacetate(aq)
0.00564,-2.83150453706,-2.83150453706,52LEL/CAR,-D-galactose 1-phosphate(aq) =-D-glucose 1-phosphate(aq)
0.00564,-0.125749158857,-0.12587546542,61VEN/RAC,sedoheptulose 7-phosphate(aq) + D-glyceraldehyde 3-phosphate(aq) = D-erythrose 4-phosphate(aq) + D-fructose 6-phosphate(aq)
0.00564,3.97522875693,3.97522875693,92KRA,N-acetyl-D-glucosamine(aq) = N-acetyl-D-mannosamine(aq)
0.00564,2.75301725311,41.5165260852,36LEH,ATP(aq) + L-arginine(aq) = ADP(aq) + N-w-phospho-L-arginine(aq)
0.00564,34.643658084,80.4550575854,53STR,L-glutamate(aq) + NAD(aq) + H2O(l) = 2-oxoglutarate(aq) + NADH(aq) + ammonia(aq)
0.00564,34.7140812082,82.5127589272,53STR,L-glutamate(aq) + NAD(aq) + H2O(l) = 2-oxoglutarate(aq) + NADH(aq) + ammonia(aq)
0.00564,31.258007467,80.8111027005,53STR,L-glutamate(aq) + NAD(aq) + H2O(l) = 2-oxoglutarate(aq) + NADH(aq) + ammonia(aq)
0.00564,31.3130641566,81.862659267,53STR,L-glutamate(aq) + NAD(aq) + H2O(l) = 2-oxoglutarate(aq) + NADH(aq) + ammonia(aq)
0.00564,32.759407153,84.1318600127,53STR,L-glutamate(aq) + NAD(aq) + H2O(l) = 2-oxoglutarate(aq) + NADH(aq) + ammonia(aq)
0.00564,30.1613360446,82.7142637036,53STR,L-glutamate(aq) + NAD(aq) + H2O(l) = 2-oxoglutarate(aq) + NADH(aq) + ammonia(aq)
0.00564,27.4580195233,82.277428676,53STR,L-glutamate(aq) + NAD(aq) + H2O(l) = 2-oxoglutarate(aq) + NADH(aq) + ammonia(aq)
0.00564,23.3254168752,78.4458827431,53STR,L-glutamate(aq) + NAD(aq) + H2O(l) = 2-oxoglutarate(aq) + NADH(aq) + ammonia(aq)
0.00564,29.0635757876,79.9067793543,53STR,L-glutamate(aq) + NAD(aq) + H2O(l) = 2-oxoglutarate(aq) + NADH(aq) + ammonia(aq)
0.00564,37.5318839983,81.1736763002,53STR,L-glutamate(aq) + NAD(aq) + H2O(l) = 2-oxoglutarate(aq) + NADH(aq) + ammonia(aq)
0.00564,24.0696666464,78.2890551253,53STR,L-glutamate(aq) + NAD(aq) + H2O(l) = 2-oxoglutarate(aq) + NADH(aq) + ammonia(aq)
0.00564,24.4429181701,79.1421012138,53STR,L-glutamate(aq) + NAD(aq) + H2O(l) = 2-oxoglutarate(aq) + NADH(aq) + ammonia(aq)
0.00564,33.8889682278,81.3370397512,53STR,L-glutamate(aq) + NAD(aq) + H2O(l) = 2-oxoglutarate(aq) + NADH(aq) + ammonia(aq)
0.00564,-3.24156006479,-3.23321657188,96OES/SCH,-D-glucose 1-phosphate(aq) =-D-glucose 6-phosphate(aq)
0.00564,19.1989090404,65.727322392,59KRI,ATP(aq) + pyruvate(aq) = ADP(aq) + phosphoenolpyruvate(aq)
0.00564,19.7999039941,66.3283173458,59KRI,ATP(aq) + pyruvate(aq) = ADP(aq) + phosphoenolpyruvate(aq)
0.00564,21.7357691146,71.6218702966,59KRI,ATP(aq) + pyruvate(aq) = ADP(aq) + phosphoenolpyruvate(aq)
0.00564,13.8289636524,65.9621943782,59KRI,ATP(aq) + pyruvate(aq) = ADP(aq) + phosphoenolpyruvate(aq)
0.00557,19.6461077394,-22.3876104384,51ROW/KOR,nicotinamide(aq) + D-ribose 1-phosphate(aq) = nicotinamide riboside(aq) + orthophosphate(aq)
0.00528,-79.3,-445.188682775,Alberty (2006),4-Methyl-2-oxopentanoate formation
0.00518,30.9090351057,73.9622479968,82GUY,(R)-glycerate(aq) + NAD(aq) = hydroxypyruvate(aq) + NADH(aq)
-0.00514,19.4078446309,67.5198142746,59MCQ/UTT,ATP(aq) + pyruvate(aq) = ADP(aq) + phosphoenolpyruvate(aq)
0.00501,1.12907006591,45.0219553819,91TEW/GOL2,2 ADP(aq) = AMP(aq) + ATP(aq)
-0.00497,-0.710615959567,-0.707862957521,76SPR/LIM,D-glucose(aq) = D-fructose(aq)
0.00494,-523.6,-601.848746587,Alberty (2006),Fumarate formation
-0.00494,-372.2,-942.620360164,Alberty (2006),Mannitol formation
-0.00488,-313.8,-516.711093727,Alberty (2006),(S)-Lactate formation
0.00478,-4.35561493888,47.2921652872,65KAZ/GRO,ATP(aq) + propanoyl-CoA(aq) + carbon dioxide(aq) = ADP(aq) + phosphate(aq) + methylmalonyl-CoA(aq)
0.00478,2.1642398713,53.3001196436,79COR/LEA,D-glyceraldehyde 3-phosphate(aq) + orthophosphate(aq) + NAD(aq) = 3-phospho-D-glyceroyl phosphate(aq) + NADH(aq)
0.00478,6.97058094723,64.9854408876,81SUG/VEI,xylitol(aq) + NAD(aq) = D-xylulose(aq) + NADH(aq)
0.00478,1.27808049743,3.60143506303,78LYN/GUY,GTP(aq) + succinate(aq) + CoA(aq) = GDP(aq) + phosphate(aq) + succinyl-CoA(aq)
0.00478,0.675799501255,2.99915406686,78LYN/GUY,GTP(aq) + succinate(aq) + CoA(aq) = GDP(aq) + phosphate(aq) + succinyl-CoA(aq)
0.00478,4.31987990229,53.5920811188,54NOD/KUB,ATP(aq) + creatine(aq) = ADP(aq) + phosphocreatine(aq)
0.00477,-15.6856357383,85.6344669793,52STE/OCH,(S)-malate(aq) + acetyl-CoA(aq) + NAD(aq) + H2O(l) = citrate(aq) + CoA(aq) + NADH(aq)
0.00477,-21.1724267095,86.869228947,52STE/OCH,(S)-malate(aq) + acetyl-CoA(aq) + NAD(aq) + H2O(l) = citrate(aq) + CoA(aq) + NADH(aq)
0.00477,-5.83630447477,83.5424945996,52STE/OCH,(S)-malate(aq) + acetyl-CoA(aq) + NAD(aq) + H2O(l) = citrate(aq) + CoA(aq) + NADH(aq)
0.00477,-11.3194899387,82.7002245851,52STE/OCH,(S)-malate(aq) + acetyl-CoA(aq) + NAD(aq) + H2O(l) = citrate(aq) + CoA(aq) + NADH(aq)
0.00477,-7.77933249875,-7.77933249875,64KEL/ALL,(R)-methylmalonyl-CoA(aq) = succinyl-CoA(aq)
0.00477,-12.1147666191,-11.6814975546,76LAW/GUY,D-glucose 6-phosphate(aq) + H2O(l) = D-glucose(aq) + orthophosphate(aq)
0.00477,4.87129331494,7.5054127106,67UYE/RAB,"5,10-methylenetetrahydrofolate(aq) + NADP(aq) = 5,10-methenyltetrahydrofolate(aq) + NADPH(aq)"
0.00477,7.12538510505,7.14754576428,93BES/REB,CH2-H4PteGlu4(aq) + glycine(aq) + H2O(l) = H4PteGlu4(aq) + L-serine(aq)
0.00477,6.96672908498,6.99536427113,93BES/REB,"5,10-methylenetetrahydrofolate(aq) + glycine(aq) + H2O(l) = tetrahydrofolate(aq) + L-serine(aq)"
0.00477,19.399130659,19.4000123719,54CHA,erythrulose 1-phosphate(aq) = formaldehyde(aq) + glycerone phosphate(aq)
0.0047,-39.8,-202.777249259,Alberty (2006),Urea formation
-0.00467,-1.4172536827,-1.35714323848,75PIE/GUY,acetyl-CoA(aq) + L-carnitine(aq) = CoA(aq) + L-acetylcarnitine(aq)
-0.00467,-9.74782151411,-9.78065635288,89ROM/DEM,L-O-phosphoserine(aq) + H2O(l) = L-serine(aq) + orthophosphate(aq)
0.00462,-682.9,-842.629456141,Alberty (2006),(S)-Malate formation
-0.00462,160.3,119.570704403,Wagman (1982),Hydrogen cyanide formation
-0.00459,-1224.3,-1587.65112821,Alberty (2006),alpha-D-Ribose 1-phosphate formation
0.00457,-109.5,-108.6903086,Alberty (2006),Nitrate formation
0.0044,-3.18455834405,-3.18138672681,40KRE/SMY,fumarate(aq) + H2O(l) = (S)-malate(aq)
-0.0044,35.927869181,83.656271849,67ENG/DAL,L-glutamate(aq) + NADP(aq) + H2O(l) = 2-oxoglutarate(aq) + NADPH(aq) + ammonia(aq)
0.0044,13.9095345899,53.2013258408,71CHE/ALI,ATP(aq) + creatine(aq) = ADP(aq) + phosphocreatine(aq)
0.00439,-1340.7,-1496.35539568,Alberty (2006),2-Phospho-D-glycerate formation
0.00438,0.50036507053,0.502888745204,74MCK,D-glucose(aq) = D-fructose(aq)
0.00438,-0.768616938427,-0.765980776929,74MCK,D-glucose(aq) = D-fructose(aq)
0.00438,-0.139128885577,-0.136375883531,74MCK,D-glucose(aq) = D-fructose(aq)
0.00438,-0.813209569968,-0.808847827322,74MCK,D-glucose(aq) = D-fructose(aq)
0.00438,-0.279704544883,-0.276830064027,74MCK,D-glucose(aq) = D-fructose(aq)
0.00438,-0.338356644083,-0.334179999735,74MCK,D-glucose(aq) = D-fructose(aq)
0.00436,-221.9,-506.299235676,Thauer (1977),2-Hydroxybutanoic acid formation
0.00432,0.339362985387,-3.12218041677,73GUY/GEL,citrate(aq) = acetate(aq) + oxaloacetate(aq)
-0.00427,177.4,-352.261565404,Alberty (2006),L-Leucine formation
0.00424,-7.03417603677,-7.01062806771,89GOL/TEW,-D-glucose 1-phosphate(aq) =-D-glucose 6-phosphate(aq)
0.00423,18.0341947449,61.2044808182,89RIZ/HAR,xylitol(aq) + NAD(aq) = D-xylulose(aq) + NADH(aq)
0.00423,-1.54838549148,-1.54838549148,86CAS/VEE2,D-ribulose 5-phosphate(aq) = D-xylulose 5-phosphate(aq)
0.00423,4.78805844616,52.2521091238,03KIN,2-propanol(aq) + NADP(ox)(aq) = acetone(aq) + NADP(red)(aq)
-0.00423,0.2863238983,0.288712149626,86OLI/TOI,D-glucose(aq) = D-fructose(aq)
-0.00423,-0.325096026616,-0.322318508965,86OLI/TOI,D-glucose(aq) = D-fructose(aq)
0.00423,5.81918758081,63.558771616,88MAC/FEW,benzyl alcohol(aq) + NAD(aq) = benzaldehyde(aq) + NADH(aq)
0.00423,1.94595481501,5.3075131842,66STA/DEN,N-2-acetyl-L-ornithine(aq) + L-glutamate(aq) = L-ornithine(aq) + N-acetyl-L-glutamate(aq)
0.00423,-0.645680160222,54.240757268,45DRA/MEY,D-glyceraldehyde 3-phosphate(aq) + orthophosphate(aq) + NAD(aq) = 3-phospho-D-glyceroyl phosphate(aq) + NADH(aq)
0.00421,30.8576834955,70.7491921999,88GUI/SNE,pyridoxine(aq) + NADP(ox)(aq) = pyridoxal(aq) + NADP(red)(aq)
-0.0042,-420.0,-908.931509066,Alberty (2006),D-Galactose formation
0.00407,-20.0840490345,31.5729347713,87RAO/HAR,"ATP(aq) + D-fructose 6-phosphate(aq) = ADP(aq) + D-fructose 1,6-bisphosphate(aq)"
0.00407,-0.0,-0.0,62HOR,L-ribulose 5-phosphate(aq) = D-xylulose 5-phosphate(aq)
-0.00407,-4.63666938354,-3.72224955731,57ROD/TOW,2-phospho-D-glycerate(aq) = 3-phospho-D-glycerate(aq)
0.00407,-3.70165040991,-3.69851429214,40KRE/SMY,fumarate(aq) + H2O(l) = (S)-malate(aq)
0.00407,33.4313858007,80.7564419404,67ENG/DAL,L-glutamate(aq) + NAD(aq) + H2O(l) = 2-oxoglutarate(aq) + NADH(aq) + ammonia(aq)
0.00407,3.11842398759,52.6216507667,54NOD/KUB,ATP(aq) + creatine(aq) = ADP(aq) + phosphocreatine(aq)
0.00407,-0.847632951399,54.3003936535,54NOD/KUB,ATP(aq) + creatine(aq) = ADP(aq) + phosphocreatine(aq)
0.00407,-0.847632951399,54.3003936535,54NOD/KUB,ATP(aq) + creatine(aq) = ADP(aq) + phosphocreatine(aq)
0.00407,4.43387970179,55.2188093831,54NOD/KUB,ATP(aq) + creatine(aq) = ADP(aq) + phosphocreatine(aq)
0.00407,1.24521967795,51.2105542134,54NOD/KUB,ATP(aq) + creatine(aq) = ADP(aq) + phosphocreatine(aq)
0.00407,7.86881316925,52.655406774,54NOD/KUB,ATP(aq) + creatine(aq) = ADP(aq) + phosphocreatine(aq)
0.00399,-18.652394286,-63.4885677908,71COH/WOL,cytidine(aq) + H2O(l) = uridine(aq) + ammonia(aq)
0.00398,-668.3,-1564.67480208,Alberty (2006),Sucrose formation
-0.00388,-40.0,-121.48862463,Maden (2000),Formaldehyde formation
-0.00373,-2.59413836597,-2.59201668063,67TAK2,D-mannose(aq) = D-fructose(aq)
0.00366,-7.29129485691,-7.29128524108,89TEW/GOL,-gentiobiose(aq) + H2O(l) = 2 D-glucose(aq)
0.00365,0.116201164975,0.11867014401,76SPR/LIM,D-glucose(aq) = D-fructose(aq)
-0.00347,-1316.0,-1760.82343688,Alberty (2006),D-Fructose 6-phosphate formation
0.00346,-13.3849036421,22.0252961943,57ROB/BOY,ATP(aq) + D-glucose(aq) = ADP(aq) + D-glucose 6-phosphate(aq)
0.00346,-15.2757451988,20.0719075496,57ROB/BOY,ATP(aq) + D-glucose(aq) = ADP(aq) + D-glucose 6-phosphate(aq)
0.00346,-14.3688347713,21.0099779217,57ROB/BOY,ATP(aq) + D-glucose(aq) = ADP(aq) + D-glucose 6-phosphate(aq)
0.00346,-13.6994816002,21.4660861389,57ROB/BOY,ATP(aq) + D-glucose(aq) = ADP(aq) + D-glucose 6-phosphate(aq)
0.00346,-14.1678927372,21.5682853081,57ROB/BOY,ATP(aq) + D-glucose(aq) = ADP(aq) + D-glucose 6-phosphate(aq)
0.00346,-12.6889726276,22.7846758416,57ROB/BOY,ATP(aq) + D-glucose(aq) = ADP(aq) + D-glucose 6-phosphate(aq)
0.00346,-13.4096016487,22.0322107127,57ROB/BOY,ATP(aq) + D-glucose(aq) = ADP(aq) + D-glucose 6-phosphate(aq)
0.00346,-18.082100785,21.3275680496,57ROB/BOY,ATP(aq) + D-glucose(aq) = ADP(aq) + D-glucose 6-phosphate(aq)
0.00346,-12.4308107722,22.8859110634,57ROB/BOY,ATP(aq) + D-glucose(aq) = ADP(aq) + D-glucose 6-phosphate(aq)
0.00346,-11.2792016856,23.2483983241,57ROB/BOY,ATP(aq) + D-glucose(aq) = ADP(aq) + D-glucose 6-phosphate(aq)
0.00346,-13.8586404044,21.5831719569,57ROB/BOY,ATP(aq) + D-glucose(aq) = ADP(aq) + D-glucose 6-phosphate(aq)
0.00346,-13.2576454507,22.0900072977,57ROB/BOY,ATP(aq) + D-glucose(aq) = ADP(aq) + D-glucose 6-phosphate(aq)
0.00346,-13.6102978975,21.7373548509,57ROB/BOY,ATP(aq) + D-glucose(aq) = ADP(aq) + D-glucose 6-phosphate(aq)
0.00346,-13.8994376766,21.5107621597,57ROB/BOY,ATP(aq) + D-glucose(aq) = ADP(aq) + D-glucose 6-phosphate(aq)
0.00346,-14.248441654,22.276541032,57ROB/BOY,ATP(aq) + D-glucose(aq) = ADP(aq) + D-glucose 6-phosphate(aq)
0.00346,-12.9674471199,22.1981206192,57ROB/BOY,ATP(aq) + D-glucose(aq) = ADP(aq) + D-glucose 6-phosphate(aq)
0.00346,-14.4022018352,20.9454509132,57ROB/BOY,ATP(aq) + D-glucose(aq) = ADP(aq) + D-glucose 6-phosphate(aq)
0.00346,-12.1227417417,23.2560709513,57ROB/BOY,ATP(aq) + D-glucose(aq) = ADP(aq) + D-glucose 6-phosphate(aq)
0.00346,-16.1894586995,19.1581940488,57ROB/BOY,ATP(aq) + D-glucose(aq) = ADP(aq) + D-glucose 6-phosphate(aq)
0.00346,-13.1645782154,22.277234146,57ROB/BOY,ATP(aq) + D-glucose(aq) = ADP(aq) + D-glucose 6-phosphate(aq)
0.00346,-13.6102978975,21.5552698415,57ROB/BOY,ATP(aq) + D-glucose(aq) = ADP(aq) + D-glucose 6-phosphate(aq)
0.00346,-13.6102978975,21.5552698415,57ROB/BOY,ATP(aq) + D-glucose(aq) = ADP(aq) + D-glucose 6-phosphate(aq)
0.00346,-14.3179405858,21.2525400316,57ROB/BOY,ATP(aq) + D-glucose(aq) = ADP(aq) + D-glucose 6-phosphate(aq)
0.00346,-15.8495731245,22.0254326902,57ROB/BOY,ATP(aq) + D-glucose(aq) = ADP(aq) + D-glucose 6-phosphate(aq)
0.00346,-13.5178406766,21.9239716848,57ROB/BOY,ATP(aq) + D-glucose(aq) = ADP(aq) + D-glucose 6-phosphate(aq)
0.00346,-13.1373436096,22.3363048596,57ROB/BOY,ATP(aq) + D-glucose(aq) = ADP(aq) + D-glucose 6-phosphate(aq)
0.00346,-14.7999874363,20.8032060672,57ROB/BOY,ATP(aq) + D-glucose(aq) = ADP(aq) + D-glucose 6-phosphate(aq)
0.00346,-14.3939014109,21.1765792064,57ROB/BOY,ATP(aq) + D-glucose(aq) = ADP(aq) + D-glucose 6-phosphate(aq)
0.00346,-14.0083384888,21.4334738725,57ROB/BOY,ATP(aq) + D-glucose(aq) = ADP(aq) + D-glucose 6-phosphate(aq)
0.00346,-14.3604234897,21.2100571277,57ROB/BOY,ATP(aq) + D-glucose(aq) = ADP(aq) + D-glucose 6-phosphate(aq)
0.00346,-14.7992250222,-17.4958633494,82GUY,(R)-3-phosphoglycerate(aq) + H2O(l) = (R)-glycerate(aq) + orthophosphate(aq)
0.00346,517.1,313.388818978,Alberty (2006),Adenine formation
0.00335,-10.538725009,-10.2690069181,82GUY/THA,L-O-phosphoserine(aq) + H2O(l) = L-serine(aq) + orthophosphate(aq)
0.00335,150.1,-175.854498518,Alberty (2006),Propane-1-ol formation
-0.00324,-1088.2,-1288.51243587,Alberty (2006),D-Glyceraldehyde 3-phosphate formation
0.0032,-331.3,-738.74288987,Alberty (2006),D-Ribose formation
-0.00312,-1100.5,-1219.36961605,Alberty (2006),Acetyl phosphate formation
0.00309,-341.7,-749.14288987,Alberty (2006),D-Lyxose formation
-0.00307,-1189.5,-1263.66515153,Alberty (2006),Phosphoenolpyruvate formation
0.00298,-5.65237769303,37.6509874884,74GUY/WEB,ATP(aq) + acetate(aq) + CoA(aq) = AMP(aq) + diphosphate(aq) + acetyl-CoA(aq)
-0.00292,30.7157133816,73.7117485912,82GUY,(R)-glycerate(aq) + NAD(aq) = hydroxypyruvate(aq) + NADH(aq)
0.0028,1.70639714033,49.9647752618,74BUR,2-propanol(aq) + NAD(aq) = acetone(aq) + NADH(aq)
0.0028,1.37126171398,49.9935782767,74BUR,2-propanol(aq) + NAD(aq) = acetone(aq) + NADH(aq)
-0.0028,203.8,-39.854122545,Alberty (2006),Methylamine formation
0.00277,-1056.3,-1541.98735151,Alberty (2006),Adenylyl sulfate formation
0.00276,-12.9870913108,-12.98214188,93LAR/TEW,AMP(aq) + H2O(l) = adenosine(aq) + orthophosphate(aq)
0.00276,22.2049108479,64.6220751179,51THE/BON,ethanol(aq) + NAD(aq) = acetaldehyde(aq) + NADH(aq)
-0.00272,104.2,104.2,Alberty (2006),Nitrous oxide formation
-0.00268,-194.9,-356.010980788,Alberty (2006),Urate formation
0.00256,-7.44948953391,-7.44968222657,67ENG/DEN,isocitrate(aq) = citrate(aq)
0.00247,0.0,0.0,Element,H+ formation
-0.00245,509.0,223.789813796,Alberty (2006),Indole formation
-0.00241,29.6818282121,69.8239403593,52STE/OCH,(S)-malate(aq) + NAD(aq) = oxaloacetate(aq) + NADH(aq)
-0.00241,-13.1915215364,-13.2700623719,+74FER,D-arabino-Hex-3-ulose 6-phosphate = D-Fructose 6-phosphate
-0.00239,-9.01171152577,-9.01190421843,67ENG/DEN,isocitrate(aq) = citrate(aq)
0.00233,8.74643719895,6.29774086722,65TAT/DAT,citrate(aq) = acetate(aq) + oxaloacetate(aq)
0.00233,6.81067859699,4.36198226525,65TAT/DAT,citrate(aq) = acetate(aq) + oxaloacetate(aq)
0.00227,-343.5,-790.8765983,Alberty (2006),"3',5'-Cyclic AMP formation"
0.00226,-1382.8,-1746.12031257,Alberty (2006),"D-Glucono-1,5-lactone 6-phosphate formation"
-0.00222,235.6,-171.843123148,Alberty (2006),1-Butanol formation
0.00216,-1.51492990353,-1.51447701992,58NOL/BRU,D-mannose 6-phosphate(aq) = D-fructose 6-phosphate(aq)
0.00216,32.7733592521,86.367144763,70KOH/WAR,glycolate(aq) + NAD(aq) = glyoxylate(aq) + NADH(aq)
0.00216,35.0094107507,86.730887453,70KOH/WAR,glycolate(aq) + NAD(aq) = glyoxylate(aq) + NADH(aq)
0.00216,-18.8321973577,25.9420228626,53BUR/STA,acetaldehyde(aq) + CoA(aq) + NAD(aq) = acetyl-CoA(aq) + NADH(aq)
0.00216,-22.0058729979,25.8471513884,53BUR/STA,acetaldehyde(aq) + CoA(aq) + NAD(aq) = acetyl-CoA(aq) + NADH(aq)
0.00216,-9.94413290188,-9.957224112,82GUY/THA,L-O-phosphoserine(aq) + H2O(l) = L-serine(aq) + orthophosphate(aq)
0.00216,-10.083932164,-10.2392223495,82GUY/THA,L-O-phosphoserine(aq) + H2O(l) = L-serine(aq) + orthophosphate(aq)
0.00216,-10.0257061181,-10.1771309372,82GUY/THA,L-O-phosphoserine(aq) + H2O(l) = L-serine(aq) + orthophosphate(aq)
0.00216,-10.1099712209,-9.78518232651,82GUY/THA,L-O-phosphoserine(aq) + H2O(l) = L-serine(aq) + orthophosphate(aq)
0.00216,-9.99879998043,-9.67401108603,82GUY/THA,L-O-phosphoserine(aq) + H2O(l) = L-serine(aq) + orthophosphate(aq)
0.00215,185.8,-343.863695118,Alberty (2006),L-Isoleucine formation
0.00204,11.3992134345,9.67893266823,64MAI/DEK,4-hydroxy-2-oxoglutarate(aq) = pyruvate(aq) + glyoxylate(aq)
0.00204,-11.7815527009,26.4833797441,82DEM,pyrophosphate(aq) + H2O(l) = 2 orthophosphate(aq)
0.00204,-0.098803898889,44.3093346967,71HOR/HUS,2 ADP(aq) = AMP(aq) + ATP(aq)
0.00201,19.276006332,62.4462924052,59HOL,xylitol(aq) + NAD(aq) = D-xylulose(aq) + NADH(aq)
0.00201,23.4301943762,66.0393408829,49BAR,sn-glycerol 3-phosphate(aq) + NAD(aq) = dihydroxyacetone phosphate(aq) + NADH(aq)
0.00199,-1374.5,-1448.64674129,Alberty (2006),3-Phosphonooxypyruvate formation
0.00198,-546.8,-586.729995358,Alberty (2006),Carbonic acid formation
-0.00198,-236.5,-398.667294737,Dolfing (1992),2-Fluorobenzoate formation
0.00197,-7.08687082332,35.4265985381,74GUY/WEB,ATP(aq) + acetate(aq) + CoA(aq) = AMP(aq) + diphosphate(aq) + acetyl-CoA(aq)
0.00197,-19.6533228504,18.4387818531,92KIM/KIN,adenine(aq) + 5-phospho--D-ribose 1-diphosphate(aq) = AMP(aq) + pyrophosphate(aq)
0.00197,0.813910381688,43.5842065081,68LON/DAL,isocitrate(aq) + NADP(aq) + H2O(l) = 2-oxoglutarate(aq) + NADPH(aq) + carbon dioxide(aq)
0.00197,0.615594448024,-0.984865218708,98TEW/KIS,L-alanine(aq) + 2-oxoglutarate(aq) = pyruvate(aq) + L-glutamate(aq)
0.00197,0.328010960616,-1.16446682034,98TEW/KIS,L-tyrosine(aq) + 2-oxoglutarate(aq) = 4-hydroxyphenylpyruvate(aq) + L-glutamate(aq)
0.00197,0.316723348837,-1.23495964672,98TEW/KIS,L-tyrosine(aq) + 2-oxoglutarate(aq) = 4-hydroxyphenylpyruvate(aq) + L-glutamate(aq)
0.00197,-38.655909302,8.641163639,73GUY/GEL,oxaloacetate(aq) + acetyl-CoA(aq) + H2O(l) = citrate(aq) + CoA(aq)
0.00197,3.05981004737,3.05981004644,02VUO/PAS,D-arabinose(aq) = D-ribose(aq)
0.00196,7.45913706261,4.45099716769,60JON/LIP,ATP(aq) + ammonium carbamate(aq) = ADP(aq) + carbamoyl phosphate(aq)
0.00193,30.5031330531,85.9210239188,59FRI,L-glutamate(aq) + NADP(aq) + H2O(l) = 2-oxoglutarate(aq) + NADPH(aq) + ammonia(aq)
-0.0019,-1095.9,-1296.27396268,Alberty (2006),Glycerone phosphate formation
-0.00189,-4.31211698067,-6.70813399274,49MEY/GRE,"D-fructose 1,6-bisphosphate(aq) + H2O(l) = D-fructose 6-phosphate(aq) + orthophosphate(aq)"
-0.00189,1.64412415121,43.1973297146,74LAN,2 ADP(aq) = AMP(aq) + ATP(aq)
-0.00189,0.670191149073,42.1152518079,74LAN,2 ADP(aq) = AMP(aq) + ATP(aq)
-0.00189,0.988538638578,42.453649571,74LAN,2 ADP(aq) = AMP(aq) + ATP(aq)
-0.00189,0.852055140014,42.3131829631,74LAN,2 ADP(aq) = AMP(aq) + ATP(aq)
-0.00189,0.159474355209,0.159474355209,68SAL/NOR,UDP-L-arabinose(aq) = UDP-D-xylose(aq)
-0.00189,-7.01964446139,-7.02632770815,47MEY/OES,D-glyceraldehyde 3-phosphate(aq) = glycerone phosphate(aq)
-0.00189,18.2580854785,20.1560219945,94TEW/GOL,L-tryptophan(aq) + H2O(l) = indole(aq) + pyruvate(aq) + ammonia(aq)
-0.00189,-20.1940976267,19.3236848533,82DEM,pyrophosphate(aq) + H2O(l) = 2 orthophosphate(aq)
-0.00189,-12.5536213682,26.4328468666,82DEM,pyrophosphate(aq) + H2O(l) = 2 orthophosphate(aq)
-0.00189,-19.5395243603,20.2976509904,82DEM,pyrophosphate(aq) + H2O(l) = 2 orthophosphate(aq)
-0.00189,-13.9365432554,25.9006320953,82DEM,pyrophosphate(aq) + H2O(l) = 2 orthophosphate(aq)
0.00189,-12.4278986075,-10.8560062994,82GUY/THA,L-O-phosphoserine(aq) + H2O(l) = L-serine(aq) + orthophosphate(aq)
0.00189,-11.2248639956,-10.3567001225,82GUY/THA,L-O-phosphoserine(aq) + H2O(l) = L-serine(aq) + orthophosphate(aq)
0.00189,-10.9998824632,-10.197239535,82GUY/THA,L-O-phosphoserine(aq) + H2O(l) = L-serine(aq) + orthophosphate(aq)
0.00189,-16.3166365677,23.1712801218,86DAL/REN,pyrophosphate(aq) + H2O(l) = 2 orthophosphate(aq)
0.00189,-14.6089379364,24.8789787531,86DAL/REN,pyrophosphate(aq) + H2O(l) = 2 orthophosphate(aq)
0.00189,-12.7535704362,26.7343462533,86DAL/REN,pyrophosphate(aq) + H2O(l) = 2 orthophosphate(aq)
-0.00189,-9.50752054998,-8.72803685557,58CAB/LEL,"UDP-glucose + D-glucose 6-phosphate = UDP + alpha,alpha'-trehalose 6-phosphate"
-0.00189,27.6776706389,72.4736261503,02DOB/HIT,ATP(aq) + pyruvate(aq) = phosphoenolpyruvate(aq) + ADP(aq)
-0.00189,25.9560824449,67.593212471,02DOB/HIT,ATP(aq) + pyruvate(aq) = phosphoenolpyruvate(aq) + ADP(aq)
-0.00189,24.7617768234,63.8853015641,02DOB/HIT,ATP(aq) + pyruvate(aq) = phosphoenolpyruvate(aq) + ADP(aq)
-0.00186,1.93474408213,45.8675389802,91TEW/GOL2,2 ADP(aq) = AMP(aq) + ATP(aq)
-0.00186,2.4903167681,46.2477319332,91TEW/GOL2,2 ADP(aq) = AMP(aq) + ATP(aq)
-0.00186,2.4903167681,42.5148709811,91TEW/GOL2,2 ADP(aq) = AMP(aq) + ATP(aq)
-0.00186,2.4169496538,44.5770037583,91TEW/GOL2,2 ADP(aq) = AMP(aq) + ATP(aq)
-0.00186,2.50389283769,44.9352935426,91TEW/GOL2,2 ADP(aq) = AMP(aq) + ATP(aq)
-0.00186,2.49709550421,46.0070746504,91TEW/GOL2,2 ADP(aq) = AMP(aq) + ATP(aq)
