reaction formula,dG0_prime,dGm_prime,deltaGpH72,mMdeltaGpH72
23cump_p + h2o_p --> 3ump_p + h_p,-35.5222763126,-35.5222763126,-6.9,-6.9
23ccmp_p + h2o_p --> 3cmp_p + h_p,-35.1076358632,-35.1076358632,-6.9,-6.9
23camp_p + h2o_p --> 3amp_p + h_p,-35.1124107694,-35.1124107694,-6.9,-6.9
23cgmp_p + h2o_p --> 3gmp_p + h_p,-35.095454686,-35.095454686,-6.9,-6.9
2dhglcn_c + h_c + nadh_c --> glcn_c + nad_c,-17.1126606465,-17.1126606465,-6.4,-6.4
2dhglcn_c + h_c + nadph_c --> glcn_c + nadp_c,-18.0894260163,-18.0894260163,-6.7,-6.7
2mahmp_c + h2o_c --> 4ampm_c + h_c + pi_c,-23.433978235,-40.5488157697,-6.5,-10.6
3hcinnm_c + h_c + nadh_c + o2_c --> dhcinnm_c + h2o_c + nad_c,-440.193277048,-415.892276873,-96,-90.2
3hpppn_c + h_c + nadh_c + o2_c --> dhpppn_c + h2o_c + nad_c,-440.200365842,-415.899365667,-96,-90.2
3dhguln_c + atp_c --> 3dhgulnp_c + adp_c + h_c,-15.6228661494,-15.6228661494,-3.8,-3.8
3ump_p + h2o_p --> pi_p + uri_p,-12.948524176,-30.0633617108,-2.8,-6.9
3cmp_p + h2o_p --> cytd_p + pi_p,-21.0309852316,-38.1458227663,-2.8,-6.9
3amp_p + h2o_p --> adn_p + pi_p,-15.2950312079,-32.4098687426,-2.8,-6.9
3gmp_p + h2o_p --> gsn_p + pi_p,-11.5912101476,-28.7060476823,-2.8,-6.9
h2o_c + phthr_c --> 4hthr_c + pi_c,-13.8574761354,-30.9723136702,-2.8,-6.9
5dglcn_c + h_c + nadph_c <=> glcn_c + nadp_c,-25.1951311358,-25.1951311358,-4.2,-4.2
ru5p__D_c <=> ara5p_c,-2.62340301415,-2.62340301415,1.4,1.4
4abut_c + akg_c --> glu__L_c + sucsal_c,6.09339025493,6.09339025493,-1.1,-1.1
4abutn_c + h2o_c + nad_c --> 4abut_c + 2.0 h_c + nadh_c,-49.9110189071,-49.9110189071,-9.4,-9.4
acac_c + accoa_c --> aacoa_c + ac_c,5.72599549805,5.72599549805,-1.5,-1.5
2.0 accoa_c <=> aacoa_c + coa_c,26.1274139601,26.1274139601,7.1,7.1
acald_c + coa_c + nad_c <=> accoa_c + h_c + nadh_c,-18.1357450564,-1.02090752169,-4.4,-0.3
accoa_c + anth_c --> acanth_c + coa_c,-18.154234871,-18.154234871,-4.3,-4.3
accoa_c + atp_c + hco3_c --> adp_c + h_c + malcoa_c + pi_c,-4.53367066412,-4.53367066412,-0.9,-0.9
atp_c + coa_c + ppa_c --> adp_c + pi_c + ppcoa_c,14.5883602156,14.5883602156,-1,-1
acgal1p_p + h2o_p --> acgal_p + pi_p,-21.5489878974,-38.6638254321,-2.8,-6.9
acgam1p_p + h2o_p --> acgam_p + pi_p,-19.4555716408,-36.5704091755,-2.8,-6.9
acgam_c + atp_c --> acgam6p_c + adp_c + h_c,-12.3851424466,-12.3851424466,-3.8,-3.8
uacgam_c + udcpp_c --> ump_c + unaga_c,4.41532403248,4.41532403248,0,0
acgam_p + pep_c --> acgam6p_c + pyr_c,-39.0505990648,-39.0505990648,-9.1,-9.1
acglu_c + atp_c --> acg5p_c + adp_c,30.4131757947,30.4131757947,2.7,2.7
accoa_c + glu__L_c --> acglu_c + coa_c + h_c,-28.8259625348,-28.8259625348,-5.2,-5.2
2obut_c + h_c + pyr_c --> 2ahbut_c + co2_c,-20.7560850939,-20.7560850939,-10.7,-10.7
ac_c + atp_c <=> actp_c + adp_c,13.5658726067,13.5658726067,4.3,4.3
h_c + 2.0 pyr_c --> alac__S_c + co2_c,-31.1124559362,-31.1124559362,-10.7,-10.7
acmum6p_c + h2o_c --> acgam6p_c + lac__D_c,-5.92054075096,-23.0353782857,-3.3,-7.4
acmana_p + pep_c --> acmanap_c + pyr_c,-40.5985260782,-40.5985260782,-9.1,-9.1
acmum_p + pep_c --> acmum6p_c + pyr_c,-42.2390060492,-42.2390060492,-9.1,-9.1
acnam_c --> acmana_c + pyr_c,7.86199450215,-9.25284303258,1,-3.1
btcoa_c + fad_c <=> b2coa_c + fadh2_c,41.0995812733,41.0995812733,12.7,12.7
fad_c + hxcoa_c <=> fadh2_c + hx2coa_c,46.2960062,46.2960062,12.7,12.7
fad_c + occoa_c <=> fadh2_c + oc2coa_c,47.4214904897,47.4214904897,12.7,12.7
dcacoa_c + fad_c <=> dc2coa_c + fadh2_c,47.4214904897,47.4214904897,12.7,12.7
ddcacoa_c + fad_c <=> dd2coa_c + fadh2_c,47.4214904897,47.4214904897,12.7,12.7
fad_c + tdcoa_c <=> fadh2_c + td2coa_c,47.4214904897,47.4214904897,12.7,12.7
fad_c + pmtcoa_c <=> fadh2_c + hdd2coa_c,49.5661536621,49.5661536621,12.7,12.7
fad_c + stcoa_c <=> fadh2_c + od2coa_c,47.4214904897,47.4214904897,12.7,12.7
acorn_c + h2o_c --> ac_c + orn_c,0.695005891995,-16.4198316427,-1.9,-6
acon_T_c <=> acon_C_c,3.68417592367,3.68417592367,0,0
cit_c <=> acon_C_c + h2o_c,8.31847347149,8.31847347149,1.5,1.5
acon_C_c + h2o_c <=> icit_c,-0.685094822505,-0.685094822505,-0.2,-0.2
acorn_c + akg_c <=> acg5sa_c + glu__L_c,-11.6704660579,-11.6704660579,-1.1,-1.1
ac_c + atp_c + coa_c --> accoa_c + amp_c + ppi_c,-5.12452599319,-5.12452599319,-0.9,-0.9
4adcho_c --> 4abz_c + h_c + pyr_c,-62.4991259221,-79.6139634568,-35.4,-39.5
chor_c + gln__L_c --> 4adcho_c + glu__L_c,-16.2731696597,-16.2731696597,-7.5,-7.5
amp_c + atp_c <=> 2.0 adp_c,-2.13852223538,-2.13852223538,-0.1,-0.1
amp_c + gtp_c <=> adp_c + gdp_c,0.347793540401,0.347793540401,-0.3,-0.3
amp_c + itp_c <=> adp_c + idp_c,-5.85698346639,-5.85698346639,-0.1,-0.1
amet_c + h_c --> ametam_c + co2_c,-21.1801789493,-38.295016484,-3.3,-7.4
atp_c --> camp_c + ppi_c,6.33691813163,-10.7779194031,0.5,-3.6
adn_c + atp_c --> adp_c + amp_c + h_c,-13.1799485524,-13.1799485524,-3.8,-3.8
adn_c + h2o_c --> ade_c + rib__D_c,-4.84198088443,-21.9568184191,-0.8,-4.9
adocbl_p + atp_c + h2o_c --> adocbl_c + adp_c + h_c + pi_c,-27.1877516043,-44.3025891391,0.1,-4
adprib_c + h2o_c --> amp_c + 2.0 h_c + r5p_c,-26.0987393776,-43.2135769123,-8.4,-12.5
ade_c + prpp_c --> amp_c + ppi_c,-17.7668882415,-17.7668882415,-3.3,-3.3
aps_c + atp_c --> adp_c + h_c + paps_c,-14.6944582826,-14.6944582826,-3.8,-3.8
dcamp_c <=> amp_c + fum_c,10.1419357402,-6.9729017945,7.7,3.6
25aics_c <=> aicar_c + fum_c,12.5274383028,-4.58739923193,7.7,3.6
asp__L_c + gtp_c + imp_c --> dcamp_c + gdp_c + 2.0 h_c + pi_c,9.53029391137,9.53029391137,-3.1,-3.1
acgam6p_c + h2o_c --> ac_c + gam6p_c,-7.1239046943,-24.238742229,-1.9,-6
agm_c + h2o_c --> ptrc_c + urea_c,-57.6791075028,-74.7939450375,-4.7,-8.8
acg5sa_c + nadp_c + pi_c <=> acg5p_c + h_c + nadph_c,6.46064537385,23.5754829086,0.2,4.3
ahcys_c + h2o_c --> ade_c + rhcys_c,-14.8197030029,-31.9345405376,-0.8,-4.9
10fthf_c + aicar_c <=> fprica_c + thf_c,6.77045594769,6.77045594769,-6.2,-6.2
air_c + atp_c + hco3_c --> 5caiz_c + adp_c + h_c + pi_c,-63.7850183264,-63.7850183264,9.2,9.2
5aizc_c <=> 5caiz_c,-37.9803331997,-37.9803331997,0,0
akg_c + coa_c + nad_c --> co2_c + nadh_c + succoa_c,-27.2405304053,-27.2405304053,-8.3,-8.3
alaala_c + h2o_c --> 2.0 ala__D_c,-2.10138361506,-19.2162211498,-0.4,-4.5
alaala_p + atp_c + h2o_c --> adp_c + alaala_c + h_c + pi_c,-27.1877516043,-44.3025891391,-6.6,-10.7
2.0 ala__D_c + atp_c <=> adp_c + alaala_c + h_c + pi_c,-25.0863679893,-25.0863679893,-6.2,-6.2
ala__L_c <=> ala__D_c,-0.0390694996343,-0.0390694996343,0,0
ala__D_c + pydx5p_c --> pyam5p_c + pyr_c,1.28035816791,1.28035816791,2.5,2.5
akg_c + ala__L_c <=> glu__L_c + pyr_c,-0.222215949035,-0.222215949035,0,0
ala__L_c + pydx5p_c --> pyam5p_c + pyr_c,1.24128866827,1.24128866827,2.5,2.5
ala__L_p + atp_c + h2o_c --> adp_c + ala__L_c + h_c + pi_c,-27.1877516043,-44.3025891391,-6.6,-10.7
glyald_c + h_c + nadh_c <=> glyc_c + nad_c,-38.4338813438,-38.4338813438,-5.4,-5.4
etoh_c + nad_c <=> acald_c + h_c + nadh_c,20.5342935456,20.5342935456,6,6
acald_c + h2o_c + nad_c --> ac_c + 2.0 h_c + nadh_c,-49.2578685038,-49.2578685038,-11.5,-11.5
acald_c + h2o_c + nadp_c --> ac_c + 2.0 h_c + nadph_c,-48.281103134,-48.281103134,-11.3,-11.3
h2o_c + nadp_c + ppal_c --> 2.0 h_c + nadph_c + ppa_c,-50.6851306879,-50.6851306879,-9.2,-9.2
btal_c + h2o_c + nad_c --> but_c + 2.0 h_c + nadh_c,-44.0267638548,-44.0267638548,-9.4,-9.4
all__D_c + atp_c --> adp_c + all6p_c + h_c,-9.89625103803,-9.89625103803,-3.8,-3.8
alltn_c + h2o_c --> alltt_c + h_c,-55.7156633786,-55.7156633786,-3.8,-3.8
all__D_p + atp_c + h2o_c --> adp_c + all__D_c + h_c + pi_c,-27.1877516043,-44.3025891391,-6.6,-10.7
h_c + mthgxl_c + nadph_c --> acetol_c + nadp_c,-20.2800104153,-20.2800104153,-8.1,-8.1
acetol_c + h_c + nadh_c --> 12ppd__R_c + nad_c,-19.5001997682,-19.5001997682,-3.9,-3.9
altrn_c --> 2ddglcn_c + h2o_c,-37.429339158,-37.429339158,-10.7,-10.7
malt_c + malttr_c --> glc__D_c + maltttr_c,-1.16793972517,-1.16793972517,0,0
malt_c + maltttr_c --> glc__D_c + maltpt_c,-1.16793157498,-1.16793157498,0,0
malt_c + maltpt_c --> glc__D_c + malthx_c,-1.16793249752,-1.16793249752,0,0
malt_c + malthx_c --> glc__D_c + malthp_c,-1.16793346386,-1.16793346386,0,0
acmanap_c <=> acgam6p_c,-2.17530559336,-2.17530559336,0,0
acmana_c + atp_c --> acmanap_c + adp_c + h_c,-13.93306946,-13.93306946,-3.8,-3.8
air_c + h2o_c + nad_c --> 4ampm_c + 2.0 for_c + 3.0 h_c + nadh_c,-242.997715996,-277.227391065,-41.1,-49.3
amp_c + h2o_c --> ade_c + r5p_c,-19.3250171706,-36.4398547053,-0.8,-4.9
cgly_c + h2o_c --> cys__L_c + gly_c,6.62244920479,-10.4923883299,-0.4,-4.5
anth_c + prpp_c --> ppi_c + pran_c,-55.1120043396,-55.1120043396,-11.3,-11.3
chor_c + gln__L_c --> anth_c + glu__L_c + h_c + pyr_c,-78.7740782211,-95.8889157558,-42.9,-47
2aobut_c + h_c --> aact_c + co2_c,-18.2334233769,-35.3482609116,-3.4,-7.5
ala__L_c + h_c + pmcoa_c <=> 8aonn_c + co2_c + coa_c,17.5478086584,0.432971123695,2,-2.1
ap4a_c + h2o_c --> 2.0 adp_c + 2.0 h_c,-37.3918373061,-54.5066748409,-8.4,-12.5
5apru_c + h_c + nadph_c --> 5aprbu_c + nadp_c,-26.3283531813,-26.3283531813,-3.7,-3.7
arab__L_c <=> rbl__L_c,15.3378411734,15.3378411734,-0.8,-0.8
arbtn_fe3_p + atp_c + h2o_c --> adp_c + arbtn_fe3_c + h_c + pi_c,-27.1877516043,-44.3025891391,0.1,-4
arab__L_p + atp_c + h2o_c --> adp_c + arab__L_c + h_c + pi_c,-27.1877516043,-44.3025891391,-6.6,-10.7
arg__L_c + h_c --> agm_c + co2_c,-13.8585250074,-30.9733625422,-3.3,-7.4
arg__L_p + h_p --> agm_p + co2_p,-13.8585250074,-30.9733625422,-3.3,-7.4
argsuc_c <=> arg__L_c + fum_c,12.4695342977,-4.64530323703,7.7,3.6
asp__L_c + atp_c + citr__L_c --> amp_c + argsuc_c + h_c + ppi_c,-0.083053521115,-0.083053521115,0.8,0.8
arg__L_p + atp_c + h2o_c --> adp_c + arg__L_c + h_c + pi_c,-27.1877516043,-44.3025891391,-6.6,-14.2
aspsa_c + nadp_c + pi_c <=> 4pasp_c + h_c + nadph_c,-15.796172669,1.31866486567,0.2,4.3
asp__L_c + atp_c + gln__L_c + h2o_c --> amp_c + asn__L_c + glu__L_c + h_c + ppi_c,-31.2960707265,-48.4109082612,-8,-12.1
asn__L_p + atp_c + h2o_c --> adp_c + asn__L_c + h_c + pi_c,-27.1877516043,-44.3025891391,-6.6,-10.7
aso3_c + atp_c + h2o_c --> adp_c + aso3_p + h_c + pi_c,-27.1877516043,-44.3025891391,0.1,-4
asp__L_c + h_c --> ala_B_c + co2_c,-19.8528923975,-36.9677299322,-3.3,-7.4
asp__L_c + cbp_c --> cbasp_c + h_c + pi_c,-21.5100152969,-21.5100152969,-9.3,-9.3
asp__L_c + atp_c <=> 4pasp_c + adp_c,18.4823913147,18.4823913147,2.7,2.7
asp__L_c + fum_c --> h_c + iasp_c + succ_c,1.16295458687,1.16295458687,-35.5,-35.5
asp__L_c + o2_c --> h2o2_c + h_c + iasp_c,-69.1130519069,-61.9268892663,-52.1,-50.4
akg_c + asp__L_c <=> glu__L_c + oaa_c,2.88043351589,2.88043351589,0,0
asp__L_p + atp_c + h2o_c --> adp_c + asp__L_c + h_c + pi_c,-27.1877516043,-44.3025891391,-6.6,-7.2
arg__L_c + succoa_c --> coa_c + h_c + sucarg_c,-17.7382453211,-17.7382453211,-5.2,-5.2
athr__L_c + nadp_c <=> 2aobut_c + h_c + nadph_c,18.3094928615,18.3094928615,4.3,4.3
atp_c + h2o_c --> adp_c + h_c + pi_c,-27.1877516043,-44.3025891391,-6.6,-10.7
adp_c + 4.0 h_p + pi_c <=> atp_c + h2o_c + 3.0 h_c,27.1877516043,44.3025891391,6.6,1.2
betald_c + h2o_c + nad_c --> glyb_c + 2.0 h_c + nadh_c,-38.0565322835,-38.0565322835,-9.4,-9.4
betald_c + h2o_c + nadp_c --> glyb_c + 2.0 h_c + nadph_c,-37.0797669138,-37.0797669138,-9.2,-9.2
h2o_c + pap_c --> amp_c + pi_c,-10.516121453,-27.6309589877,-2.8,-6.9
accoa_c + but_c --> ac_c + btcoa_c,4.08904102075,4.08904102075,-1.5,-1.5
2.0 h2o2_c --> 2.0 h2o_c + o2_c,-193.067638449,-183.138963555,-45.5,-43.1
atp_c + cbi_p + h2o_c --> adp_c + cbi_c + h_c + pi_c,-27.1877516043,-44.3025891391,0.1,-4
atp_c + cbl1_p + h2o_c --> adp_c + cbl1_c + h_c + pi_c,-27.1877516043,-44.3025891391,0.1,-0.5
2.0 atp_c + gln__L_c + h2o_c + hco3_c --> 2.0 adp_c + cbp_c + glu__L_c + 2.0 h_c + pi_c,-9.12480414754,-26.2396416823,-10.5,-14.6
atp_c + cd2_c + h2o_c --> adp_c + cd2_p + h_c + pi_c,-27.1877516043,-44.3025891391,-6.6,-3.7
4c2me_c + atp_c --> 2p4c2me_c + adp_c + h_c,-6.30120301865,-6.30120301865,-3.8,-3.8
atp_c + cgly_p + h2o_c --> adp_c + cgly_c + h_c + pi_c,-27.1877516043,-44.3025891391,-6.6,-10.7
atp_c + chol_p + h2o_c --> adp_c + chol_c + h_c + pi_c,-27.1877516043,-44.3025891391,-6.6,-14.2
chor_c --> pphn_c,-21.0707389811,-21.0707389811,-17.5,-17.5
3psme_c --> chor_c + pi_c,-48.2860247346,-65.4008622693,-14.2,-18.3
chor_c --> 4hbz_c + pyr_c,-88.1040407869,-105.218878322,-34.5,-38.6
cinnm_c + h_c + nadh_c + o2_c --> cenchddd_c + nad_c,-389.901385061,-365.600384886,-73.8,-68.1
cit_c --> ac_c + oaa_c,4.62899065606,-12.4858468787,1.5,-2.6
cmp_c + h2o_c --> csn_c + r5p_c,-14.2923039677,-31.4071415025,-0.9,-5
atp_c + cobalt2_c + h2o_c --> adp_c + cobalt2_p + h_c + pi_c,-27.1877516043,-44.3025891391,-6.6,-3.7
cpppg3_c + 2.0 h_c + o2_c --> 2.0 co2_c + 2.0 h2o_c + pppg9_c,-356.450313992,-366.378988886,Not calculated,Not calculated
atp_c + crn__D_p + h2o_c --> adp_c + crn__D_c + h_c + pi_c,-27.1877516043,-44.3025891391,-6.6,-10.7
atp_c + crn_p + h2o_c --> adp_c + crn_c + h_c + pi_c,-27.1877516043,-44.3025891391,-6.6,-10.7
accoa_c + h2o_c + oaa_c --> cit_c + coa_c + h_c,-35.7511141034,-35.7511141034,-8.6,-8.6
atp_c + gln__L_c + h2o_c + utp_c --> adp_c + ctp_c + glu__L_c + 2.0 h_c + pi_c,-13.782226422,-30.8970639567,-6.3,-10.4
atp_c + cu2_c + h2o_c --> adp_c + cu2_p + h_c + pi_c,-27.1877516043,-44.3025891391,-6.6,-3.7
atp_c + cys__D_p + h2o_c --> adp_c + cys__D_c + h_c + pi_c,-27.1877516043,-44.3025891391,-6.6,-10.7
acser_c + h2s_c --> ac_c + cys__L_c + h_c,-49.188934068,-49.188934068,-12.5,-12.5
atp_c + cys__L_c + h2o_c --> adp_c + cys__L_p + h_c + pi_c,-27.1877516043,-44.3025891391,-6.6,-10.7
atp_c + cys__L_p + h2o_c --> adp_c + cys__L_c + h_c + pi_c,-27.1877516043,-44.3025891391,-6.6,-10.7
cytd_c + h2o_c --> csn_c + rib__D_c,1.38854540842,-15.7262921263,-0.9,-5
cytd_c + gtp_c --> cmp_c + gdp_c + h_c,-9.49581968658,-9.49581968658,-4.1,-4.1
atp_c + cmp_c <=> adp_c + cdp_c,-2.80065807229,-2.80065807229,-0.1,-0.1
atp_c + dcmp_c <=> adp_c + dcdp_c,-2.74262561219,-2.74262561219,-0.1,-0.1
atp_c + damp_c <=> adp_c + dadp_c,-0.0289341751661,-0.0289341751661,-0.1,-0.1
26dap__M_c + h_c --> co2_c + lys__L_c,-16.1301298338,-33.2449673686,-3.3,-7.4
26dap_LL_c <=> 26dap__M_c,-1.65417267623,-1.65417267623,0,0
26dap__M_p + atp_c + h2o_c --> 26dap__M_c + adp_c + h_c + pi_c,-27.1877516043,-44.3025891391,-6.6,-10.7
ru5p__D_c --> db4p_c + for_c + h_c,-82.6981182266,-99.8129557613,-20.7,-24.8
atp_c + co2_c + dann_c --> adp_c + dtbt_c + 3.0 h_c + pi_c,7.54464664529,7.54464664529,-23.9,-23.9
2dh3dgal_c + atp_c --> 2dh3dgal6p_c + adp_c + h_c,-14.5394454024,-14.5394454024,-3.8,-3.8
2ddglcn_c + atp_c --> 2ddg6p_c + adp_c + h_c,-21.4295887502,-21.4295887502,-1.3,-1.3
e4p_c + h2o_c + pep_c --> 2dda7p_c + pi_c,-69.1053542976,-69.1053542976,-12.6,-12.6
2dh3dgal6p_c <=> g3p_c + pyr_c,13.1206735447,-3.99416398999,0.7,-3.4
atp_c + dgmp_c <=> adp_c + dgdp_c,0.480004711381,0.480004711381,-0.1,-0.1
23dhmb_c --> 3mob_c + h2o_c,-35.5163536332,-35.5163536332,-6.9,-6.9
23dhmp_c --> 3mop_c + h2o_c,-35.5162353692,-35.5162353692,-6.9,-6.9
dha_c + pep_c --> dhap_c + pyr_c,-41.3728081659,-41.3728081659,-9.1,-9.1
23ddhb_c + nad_c <=> 23dhb_c + h_c + nadh_c,-27.6855381185,-27.6855381185,-8.9,-8.9
cenchddd_c + nad_c --> dhcinnm_c + h_c + nadh_c,-27.7177626502,-27.7177626502,-8.9,-8.9
dhcinnm_c + o2_c --> h_c + hkntd_c,-258.264467793,-233.963467618,-69.3,-63.6
23dhdp_c + h_c + nadph_c --> nadp_c + thdp_c,-20.4393043371,-20.4393043371,-1,-1
aspsa_c + pyr_c --> 23dhdp_c + 2.0 h2o_c + h_c,-115.60403652,-98.4891989851,-31.6,-27.5
dhf_c + h_c + nadph_c <=> nadp_c + thf_c,-25.9274140566,-25.9274140566,-0.7,-0.7
atp_c + dhpt_c + glu__L_c --> adp_c + dhf_c + h_c + pi_c,-15.7133341417,-15.7133341417,-6.2,-6.2
dhor__S_c + h2o_c <=> cbasp_c + h_c,-4.78800008578,-4.78800008578,-5.3,-5.3
cechddd_c + nad_c --> dhpppn_c + h_c + nadh_c,-27.7224182756,-27.7224182756,-8.9,-8.9
4abz_c + 6hmhptpp_c --> dhpt_c + ppi_c,-49.1582881441,-49.1582881441,-11.3,-11.3
2dda7p_c --> 3dhq_c + pi_c,-130.649288347,-147.764125881,-18.5,-22.6
3dhq_c --> 3dhsk_c + h2o_c,-5.29090967176,-5.29090967176,-8.5,-8.5
25dkglcn_c + h_c + nadh_c --> 5dglcn_c + nad_c,-24.5596191676,-24.5596191676,-6.4,-6.4
25dkglcn_c + h_c + nadph_c --> 5dglcn_c + nadp_c,-25.5363845374,-25.5363845374,-6.7,-6.7
dmpp_c + ipdp_c --> grdp_c + ppi_c,-72.006362099,-72.006362099,-13.3,-13.3
h2mb4p_c + h_c + nadh_c --> dmpp_c + h2o_c + nad_c,-65.2545626082,-65.2545626082,-16.4,-16.4
dhpmp_c + h2o_c --> dhnpt_c + pi_c,-14.6450790261,-31.7599165608,-2.8,-6.9
ahdt_c + h2o_c --> dhpmp_c + h_c + ppi_c,-41.6004006779,-58.7152382126,-8.2,-12.3
23doguln_c + h_c + nadh_c --> 3dhguln_c + nad_c,-19.5125644672,-19.5125644672,-8.9,-8.9
atp_c + dpcoa_c --> adp_c + coa_c + h_c,2.54681671337,2.54681671337,-3.8,-3.8
2dhp_c + h_c + nadph_c --> nadp_c + pant__R_c,-19.4362324008,-19.4362324008,-6.7,-6.7
2dr5p_c --> acald_c + g3p_c,20.2275936104,3.11275607569,1.2,-2.9
nadp_c + ser__D_c <=> 2amsa_c + h_c + nadph_c,21.7222594874,21.7222594874,5.8,5.8
atp_c + dtmp_c <=> adp_c + dtdp_c,-2.87447224435,-2.87447224435,-0.1,-0.1
atp_c + duri_c --> adp_c + dump_c + h_c,-13.9450926964,-13.9450926964,-3.8,-3.8
duri_c + pi_c <=> 2dr1p_c + ura_c,2.5901199102,2.5901199102,1.9,1.9
dutp_c + h2o_c --> dump_c + h_c + ppi_c,-39.7797744307,-56.8946119654,-8,-12.1
dxyl5p_c + h_c + nadph_c --> 2me4p_c + nadp_c,-22.0632810865,-22.0632810865,-5.5,-5.5
g3p_c + h_c + pyr_c --> co2_c + dxyl5p_c,-27.8617582435,-27.8617582435,-8.3,-8.3
atp_c + dxyl_c --> adp_c + dxyl5p_c + h_c,-13.2330771892,-13.2330771892,-4.1,-4.1
e4p_c + h2o_c + nad_c <=> 4per_c + 2.0 h_c + nadh_c,-43.8238464637,-43.8238464637,-9.4,-9.4
3hbcoa_c <=> b2coa_c + h2o_c,3.77273873701,3.77273873701,2.1,2.1
3hhcoa_c <=> h2o_c + hx2coa_c,1.02457481371,1.02457481371,2.1,2.1
3hocoa_c <=> h2o_c + oc2coa_c,0.687187154103,0.687187154103,2.1,2.1
3hdcoa_c <=> dc2coa_c + h2o_c,0.687187154103,0.687187154103,2.1,2.1
3hddcoa_c <=> dd2coa_c + h2o_c,0.687187154103,0.687187154103,2.1,2.1
3htdcoa_c <=> h2o_c + td2coa_c,0.687187154103,0.687187154103,2.1,2.1
3hhdcoa_c <=> h2o_c + hdd2coa_c,0.687187154103,0.687187154103,2.1,2.1
3hodcoa_c <=> h2o_c + od2coa_c,0.687187154103,0.687187154103,2.1,2.1
2ddg6p_c --> g3p_c + pyr_c,15.5329387751,-1.58189875964,0.7,-3.4
6pgc_c --> 2ddg6p_c + h2o_c,-43.0641312367,-43.0641312367,-8.3,-8.3
2pg_c <=> h2o_c + pep_c,-4.08795790696,-4.08795790696,-0.9,-0.9
f6p_c <=> dha_c + g3p_c,18.5960716368,1.48123410203,4.2,0.1
f6p_c + h2o_c --> fru_c + pi_c,-11.5639032774,-28.6787408121,-2.8,-6.9
dcacoa_c + h2o_c --> coa_c + dca_c + h_c,-26.1539923826,-43.2688299174,-5.6,-9.7
ddcacoa_c + h2o_c --> coa_c + ddca_c + h_c,-26.1539923826,-43.2688299174,-5.6,-9.7
h2o_c + tdcoa_c --> coa_c + h_c + ttdca_c,-26.1539923826,-43.2688299174,-5.6,-9.7
h2o_c + pmtcoa_c --> coa_c + h_c + hdca_c,-23.4112643859,-40.5261019206,-5.6,-9.7
h2o_c + stcoa_c --> coa_c + h_c + ocdca_c,-26.1539923826,-43.2688299174,-5.6,-9.7
h2o_c + hxcoa_c --> coa_c + h_c + hxa_c,-26.1513902253,-43.26622776,-5.6,-9.7
h2o_c + occoa_c --> coa_c + h_c + octa_c,-26.1602349313,-43.275072466,-5.6,-9.7
atp_c + coa_c + dca_p + h_p --> amp_c + dcacoa_c + h_c + ppi_c,-10.0926570579,-10.0926570579,-2.4,-2.4
atp_c + coa_c + ddca_p + h_p --> amp_c + ddcacoa_c + h_c + ppi_c,-10.0926570579,-10.0926570579,-2.4,-2.4
atp_c + coa_c + h_p + ttdca_p --> amp_c + h_c + ppi_c + tdcoa_c,-10.0926570579,-10.0926570579,-2.4,-2.4
atp_c + coa_c + h_p + hdca_p --> amp_c + h_c + pmtcoa_c + ppi_c,-12.8353850547,-12.8353850547,-2.4,-2.4
atp_c + coa_c + h_p + ocdca_p --> amp_c + h_c + ppi_c + stcoa_c,-10.0926570579,-10.0926570579,-2.4,-2.4
atp_c + coa_c + h_p + hxa_p --> amp_c + h_c + hxcoa_c + ppi_c,-10.0952592153,-10.0952592153,-2.4,-2.4
atp_c + coa_c + h_p + octa_p --> amp_c + h_c + occoa_c + ppi_c,-10.0864145093,-10.0864145093,-2.4,-2.4
fad_c + h_c + nadh_c --> fadh2_c + nad_c,-14.7049539294,-14.7049539294,-4,-4
fad_c + h_c + nadph_c --> fadh2_c + nadp_c,-15.6817192992,-15.6817192992,-4.3,-4.3
fdp_c <=> dhap_c + g3p_c,19.9076578969,2.79282036216,4.2,0.1
fdp_c + h2o_c --> f6p_c + pi_c,-11.1688137966,-28.2836513313,-2.8,-6.9
fuc__L_c <=> fcl__L_c,5.47831846687,5.47831846687,0,0
atp_c + fcl__L_c --> adp_c + fc1p_c + h_c,-19.2706549025,-19.2706549025,-3.8,-3.8
fc1p_c <=> dhap_c + lald__L_c,19.8054429654,2.69060543065,3.4,-0.7
atp_c + fe2_p + h2o_c --> adp_c + fe2_c + h_c + pi_c,-27.1877516043,-44.3025891391,-6.6,-17.6
atp_c + fe3hox_p + h2o_c --> adp_c + fe3hox_c + h_c + pi_c,-27.1877516043,-44.3025891391,0.1,-4
fadh2_c + 2.0 fe3_c --> fad_c + 2.0 fe2_c + 2.0 h_c,-192.947948226,-192.947948226,-45.9,-45.9
atp_c + fe3_p + h2o_c --> adp_c + fe3_c + h_c + pi_c,-27.1877516043,-44.3025891391,-6.6,-21.1
atp_c + fecrm_p + h2o_c --> adp_c + fecrm_c + h_c + pi_c,-27.1877516043,-44.3025891391,0.1,-4
fadh2_c + 2.0 feenter_c --> 2.0 enter_c + fad_c + 2.0 fe2_c + 2.0 h_c,-213.190920828,-247.420595897,Not calculated,Not calculated
2.0 feenter_c + fmnh2_c --> 2.0 enter_c + 2.0 fe2_c + fmn_c + 2.0 h_c,-207.357074443,-241.586749512,Not calculated,Not calculated
2.0 feenter_c + rbflvrd_c --> 2.0 enter_c + 2.0 fe2_c + 2.0 h_c + ribflv_c,-241.724842364,-275.954517433,Not calculated,Not calculated
atp_c + feenter_p + h2o_c --> adp_c + feenter_c + h_c + pi_c,-27.1877516043,-44.3025891391,0.1,-14.4
enter_e + fe3_e --> feenter_e,10.1214863007,27.2363238354,Not calculated,Not calculated
atp_c + feoxam_p + h2o_c --> adp_c + feoxam_c + h_c + pi_c,-27.1877516043,-44.3025891391,0.1,-7.5
4.0 fe2_p + 4.0 h_p + o2_p --> 4.0 fe3_p + 2.0 h2o_p,-42.3406293377,-18.0396291623,-9.3,-3.5
h2o_c + suc6p_c --> fru_c + g6p_c,-30.9467829564,-48.0616204912,-3.3,-7.4
for_c + h_c --> co2_c + h2_c,21.6120745287,-3.88059625642,5.1,-0.9
h_c + nadph_c + ribflv_c --> nadp_c + rbflvrd_c,12.852202237,12.852202237,-6,-6
h_c + nadh_c + ribflv_c --> nad_c + rbflvrd_c,13.8289676068,13.8289676068,-5.8,-5.8
atp_c + fmn_c + h_c --> fad_c + ppi_c,-12.0679090509,-12.0679090509,0.4,0.4
fmn_c + h_c + nadh_c --> fmnh2_c + nad_c,-20.5388003143,-20.5388003143,-4,-4
fmn_c + h_c + nadph_c --> fmnh2_c + nadp_c,-21.5155656841,-21.5155656841,-4.3,-4.3
fru_p + pep_c --> f6p_c + pyr_c,-42.2893049452,-42.2893049452,-9.1,-9.1
10fthf_c + h2o_c --> for_c + h_c + thf_c,-22.7019412812,-39.816778816,-6.1,-10.2
fum_c + h2o_c <=> mal__L_c,-3.44625037433,-3.44625037433,-0.6,-0.6
accoa_c + gam1p_c --> acgam1p_c + coa_c + h_c,-26.2859635203,-26.2859635203,-5.2,-5.2
g1p_p + h2o_p --> glc__D_p + pi_p,-16.3622965248,-33.4771340595,-2.8,-6.9
dttp_c + g1p_c + h_c --> dtdpglu_c + ppi_c,-1.35604069796,-1.35604069796,0.4,0.4
glu1sa_c <=> 5aop_c,-7.6105272562,-7.6105272562,-1.4,-1.4
glyc2p_p + h2o_p --> glyc_p + pi_p,-23.2222691504,-40.3371066852,-2.8,-6.9
atp_c + g3pc_p + h2o_c --> adp_c + g3pc_c + h_c + pi_c,-27.1877516043,-44.3025891391,-6.6,-10.7
glyc3p_c + nadp_c <=> dhap_c + h_c + nadph_c,26.1929650902,26.1929650902,4.2,4.2
atp_c + g3pe_p + h2o_c --> adp_c + g3pe_c + h_c + pi_c,-27.1877516043,-44.3025891391,-6.6,-10.7
atp_c + g3pg_p + h2o_c --> adp_c + g3pg_c + h_c + pi_c,-27.1877516043,-44.3025891391,-6.6,-7.2
atp_c + g3pi_p + h2o_c --> adp_c + g3pi_c + h_c + pi_c,-27.1877516043,-44.3025891391,-6.6,-7.2
glyc3p_c + h2o_c --> glyc_c + pi_c,-10.699804134,-27.8146416687,-2.8,-6.9
glu5sa_c --> 1pyr5c_c + h2o_c + h_c,10.3692062537,10.3692062537,-14.8,-14.8
glu5p_c + h_c + nadph_c --> glu5sa_c + nadp_c + pi_c,-8.81045464449,-25.9252921792,-0.2,-4.3
g6p_c + nadp_c <=> 6pgl_c + h_c + nadph_c,-3.4555909216,-3.4555909216,-1.6,-1.6
g6p_c + h2o_c --> glc__D_c + pi_c,-8.94357174196,-26.0584092767,-2.8,-6.9
gal1p_p + h2o_p --> gal_p + pi_p,-15.239894193,-32.3547317277,-2.8,-6.9
galct__D_c --> 5dh4dglc_c + h2o_c,-41.9072874378,-41.9072874378,-8.3,-8.3
galctn__L_c + nad_c --> h_c + nadh_c + tagur_c,13.3393282404,13.3393282404,2.2,2.2
galctn__D_c --> 2dh3dgal_c + h2o_c,-41.9072172754,-41.9072172754,-8.3,-8.3
atp_c + gal_c <=> adp_c + gal1p_c + h_c,-11.9478574114,-11.9478574114,-3.8,-3.8
gal_bD_p --> gal_p,6.25226245909,6.25226245909,0,0
h2o_c + melib_c --> gal_c + glc__D_c,-10.7237089212,-27.838546456,-3.3,-7.4
galt_p + pep_c --> galt1p_c + pyr_c,-40.2446654082,-40.2446654082,-9.1,-9.1
g1p_c + h_c + utp_c --> ppi_c + udpg_c,0.708803022937,0.708803022937,0.4,0.4
atp_c + gal_p + h2o_c --> adp_c + gal_c + h_c + pi_c,-27.1877516043,-44.3025891391,-6.6,-10.7
gam_p + pep_c --> gam6p_c + pyr_c,-36.8923592349,-36.8923592349,-9.1,-9.1
g3p_c + nad_c + pi_c <=> 13dpg_c + h_c + nadh_c,6.37404897769,23.4888865124,-0.1,4
10fthf_c + gar_c <=> fgam_c + h_c + thf_c,3.99485630756,3.99485630756,-7.2,-7.2
atp_c + for_c + gar_c --> adp_c + fgam_c + h_c + pi_c,-0.490954015523,-0.490954015523,-7.6,-7.6
gcald_c + h2o_c + nad_c --> glyclt_c + 2.0 h_c + nadh_c,-61.0495721481,-61.0495721481,-9.4,-9.4
atp_c + gdp_c --> amp_c + h_c + ppgpp_c,-8.11687724797,-8.11687724797,-3.5,-3.5
gdpmann_c + h2o_c --> gdp_c + h_c + man_c,-19.0160556885,-36.1308932232,-4.7,-8.8
gdpmann_c + h2o_c --> gmp_c + 2.0 h_c + man1p_c,-29.4548327844,-46.5696703191,-8.4,-12.5
f6p_c + gln__L_c --> gam6p_c + glu__L_c,-13.824059153,-13.824059153,-6.7,-6.7
ggbutal_c + h2o_c + nadp_c <=> gg4abut_c + 2.0 h_c + nadph_c,-38.153374209,-38.153374209,-9.2,-9.2
gg4abut_c + h2o_c --> 4abut_c + glu__L_c,-16.3586354143,-33.473472949,-0.3,-4.4
atp_c + glu__L_c + ptrc_c --> adp_c + ggptrc_c + h_c + pi_c,-21.0966508238,-21.0966508238,-6.2,-6.2
ser__L_c + thf_c <=> gly_c + h2o_c + mlthf_c,-6.5773103392,-6.5773103392,0.1,0.1
atp_c + gmp_c <=> adp_c + gdp_c,-3.00513543711,-3.00513543711,-0.1,-0.1
accoa_c + glc__D_c <=> acglc__D_c + coa_c,-1.50859747974,-1.50859747974,-3.7,-3.7
5dh4dglc_c --> 2h3oppan_c + pyr_c,21.8006000866,4.68576255185,0.7,-3.4
glcr_c --> 5dh4dglc_c + h2o_c,-41.9072874378,-41.9072874378,-8.3,-8.3
atp_c + glc__D_p + h2o_c --> adp_c + glc__D_c + h_c + pi_c,-27.1877516043,-44.3025891391,-6.6,-10.7
glc__D_p + pep_c --> g6p_c + pyr_c,-44.9096364806,-44.9096364806,-9.1,-9.1
atp_c + g1p_c + h_c --> adpglc_c + ppi_c,-7.53118088729,-7.53118088729,0.4,0.4
atp_c + gln__L_p + h2o_c --> adp_c + gln__L_c + h_c + pi_c,-27.1877516043,-44.3025891391,-6.6,-10.7
galt1p_c + nad_c <=> h_c + nadh_c + tag6p__D_c,13.0397178106,13.0397178106,2.2,2.2
atp_c + glu__L_c --> adp_c + glu5p_c,26.6518469833,26.6518469833,2.7,2.7
atp_c + cys__L_c + glu__L_c --> adp_c + glucys_c + h_c + pi_c,-31.911684658,-31.911684658,-6.2,-6.2
glu__L_c + h_c --> 4abut_c + co2_c,-23.8153833397,-40.9302208745,-3.3,-7.4
gln__L_c + h2o_c + prpp_c --> glu__L_c + ppi_c + pram_c,-55.3212393868,-72.4360769215,-11.7,-15.8
glu__D_c <=> glu__L_c,-0.618360700962,-0.618360700962,0,0
akg_c + gln__L_c + h_c + nadph_c --> 2.0 glu__L_c + nadp_c,-49.1970659605,-49.1970659605,-14.2,-14.2
atp_c + glu__L_p + h2o_c --> adp_c + glu__L_c + h_c + pi_c,-27.1877516043,-44.3025891391,-6.6,-7.2
2.0 glx_c + h_c --> 2h3oppan_c + co2_c,-18.4944370808,-18.4944370808,-10.8,-10.8
accoa_c + gly_c <=> 2aobut_c + coa_c,37.9633894307,37.9633894307,5.5,5.5
atp_c + glyb_p + h2o_c --> adp_c + glyb_c + h_c + pi_c,-27.1877516043,-44.3025891391,-6.6,-10.7
atp_c + glyc3p_p + h2o_c --> adp_c + glyc3p_c + h_c + pi_c,-27.1877516043,-44.3025891391,-6.6,-7.2
glyc_c + nad_c --> dha_c + h_c + nadh_c,23.4356037977,23.4356037977,3.9,3.9
atp_c + glyc__R_c --> 3pg_c + adp_c + h_c,-11.9351555082,-11.9351555082,-3.8,-3.8
atp_c + glyc__R_c --> 2pg_c + adp_c + h_c,-7.75022511706,-7.75022511706,-3.8,-3.8
glx_c + h_c + nadh_c --> glyclt_c + nad_c,-43.4495151323,-43.4495151323,-7.9,-7.9
glx_c + h_c + nadph_c --> glyclt_c + nadp_c,-44.4262805021,-44.4262805021,-8.1,-8.1
atp_c + glyc_c --> adp_c + glyc3p_c + h_c,-16.4879474704,-16.4879474704,-3.8,-3.8
h2o_c + mthgxl_c --> h_c + lac__D_c,-54.6132708793,-54.6132708793,-15.8,-15.8
gdpmann_c --> gdpddman_c + h2o_c,-51.3093344103,-51.3093344103,-13.8,-13.8
atp_c + gmhep1p_c + h_c --> adphep_DD_c + ppi_c,-10.1543716803,-10.1543716803,0.4,0.4
6pgc_c + nadp_c --> co2_c + nadph_c + ru5p__D_c,11.1844024151,-5.93043511959,0.9,-3.2
atp_c + glcn_c --> 6pgc_c + adp_c + h_c,-11.0699260823,-11.0699260823,-3.8,-3.8
gdpofuc_c + h_c + nadph_c --> gdpfuc_c + nadp_c,-6.15879840836,-6.15879840836,-2.9,-2.9
gp4g_c + h2o_c --> 2.0 gdp_c + 2.0 h_c,-48.5683827044,-65.6832202391,-8.4,-12.5
grdp_c + ipdp_c --> frdp_c + ppi_c,-73.7267964596,-73.7267964596,-13.3,-13.3
atp_c + gsn_c --> adp_c + gmp_c + h_c,-21.5485263732,-21.5485263732,-3.8,-3.8
gtp_c + h2o_c --> ahdt_c + for_c + h_c,-93.5835484421,-110.698385977,-17,-21.1
gtp_c + 3.0 h2o_c --> 25drapp_c + for_c + 2.0 h_c + ppi_c,-65.8924351483,-100.122110218,-7.2,-15.4
gdptp_c + h2o_c --> h_c + pi_c + ppgpp_c,-24.6972888478,-41.8121263825,-6.6,-10.7
atp_c + gtp_c --> amp_c + gdptp_c + h_c,-8.12102422872,-8.12102422872,-3.8,-3.8
gua_c + prpp_c --> gmp_c + ppi_c,-29.2029750478,-29.2029750478,-3.2,-3.2
glcur_c <=> fruur_c,0.551935878511,0.551935878511,-0.8,-0.8
glcur1p_p + h2o_p --> glcur_p + pi_p,-16.2794828659,-33.3943204006,-2.8,-6.9
h2s_c + 2.0 o2_c --> 2.0 h_c + so4_c,-833.187452994,-784.585452643,-197.5,-186
3hbcoa_c + nad_c --> aacoa_c + h_c + nadh_c,16.8633589668,16.8633589668,3.9,3.9
3hhcoa_c + nad_c --> 3ohcoa_c + h_c + nadh_c,23.4731439499,23.4731439499,3.9,3.9
3hocoa_c + nad_c --> 3oocoa_c + h_c + nadh_c,19.4389223419,19.4389223419,3.9,3.9
3hdcoa_c + nad_c --> 3odcoa_c + h_c + nadh_c,19.4389223419,19.4389223419,3.9,3.9
3hddcoa_c + nad_c --> 3oddcoa_c + h_c + nadh_c,19.4389223419,19.4389223419,3.9,3.9
3htdcoa_c + nad_c --> 3otdcoa_c + h_c + nadh_c,19.4389223419,19.4389223419,3.9,3.9
3hhdcoa_c + nad_c --> 3ohdcoa_c + h_c + nadh_c,19.4389223419,19.4389223419,3.9,3.9
3hodcoa_c + nad_c --> 3ohodcoa_c + h_c + nadh_c,19.4389223419,19.4389223419,3.9,3.9
4hbz_c + octdp_c --> 3ophb_c + ppi_c,-76.7318462638,-76.7318462638,-17.4,-17.4
co2_c + h2o_c <=> h_c + hco3_c,-5.9902421951,-5.9902421951,-0.6,-0.6
4mhetz_c + atp_c --> 4mpetz_c + adp_c + h_c,-18.1133099397,-18.1133099397,-3.8,-3.8
atp_c + glc__D_c --> adp_c + g6p_c + h_c,-18.2441798624,-18.2441798624,-3.8,-3.8
atp_c + man_c --> adp_c + h_c + man6p_c,-17.766438109,-17.766438109,-3.8,-3.8
atp_c + fru_c --> adp_c + f6p_c + h_c,-15.623848327,-15.623848327,-3.8,-3.8
atp_c + h2o_c + hg2_c --> adp_c + h_c + hg2_p + pi_c,-27.1877516043,-44.3025891391,-6.6,-3.7
h2o_c + histd_c + 2.0 nad_c --> 3.0 h_c + his__L_c + 2.0 nadh_c,-9.08409623605,-9.08409623605,-17.5,-17.5
h2o_c + hisp_c --> histd_c + pi_c,-17.5215617174,-34.6363992522,10.7,6.6
atp_c + h2o_c + his__L_p --> adp_c + h_c + his__L_c + pi_c,-27.1877516043,-44.3025891391,-6.6,-10.7
h2o_c + hkndd_c --> h_c + op4en_c + succ_c,-53.5717560141,-70.6865935488,-12,-16.1
h2o_c + hkntd_c --> fum_c + h_c + op4en_c,-53.6825716196,-70.7974091543,-12,-16.1
4ahmmp_c + atp_c --> 4ampm_c + adp_c + h_c,-13.0175081378,-13.0175081378,-3.8,-3.8
4h2opntn_c --> acald_c + pyr_c,10.2267136633,-6.8881238714,1.3,-2.8
6hmhpt_c + atp_c --> 6hmhptpp_c + amp_c + h_c,-10.1625530746,-10.1625530746,-3.8,-3.8
dhpppn_c + o2_c --> h_c + hkndd_c,-258.260694221,-233.959694045,-72.5,-66.8
hpyr_c <=> 2h3oppan_c,1.40737613343,1.40737613343,-1.1,-1.1
h_c + hpyr_c + nadh_c --> glyc__R_c + nad_c,-30.7171555282,-30.7171555282,-6.4,-6.4
h_c + hpyr_c + nadph_c --> glyc__R_c + nadp_c,-31.693920898,-31.693920898,-6.7,-6.7
hom__L_c + nadp_c <=> aspsa_c + h_c + nadph_c,22.758991507,22.758991507,5.6,5.6
atp_c + hom__L_c --> adp_c + h_c + phom_c,-31.8913213472,-31.8913213472,-3.8,-3.8
hom__L_c + succoa_c --> coa_c + suchms_c,-24.1519215115,-24.1519215115,-3.7,-3.7
glu__L_c + imacp_c --> akg_c + hisp_c,7.82028646652,7.82028646652,2.5,2.5
h2o_c + hxan_c + nad_c --> h_c + nadh_c + xan_c,16.1314474209,16.1314474209,2.7,2.7
accoa_c + hxa_c --> ac_c + hxcoa_c,-4.97073322211,-4.97073322211,-1.5,-1.5
hxan_c + prpp_c --> imp_c + ppi_c,-27.2940189122,-27.2940189122,-3.1,-3.1
h2o_c + pyam5p_c --> pi_c + pydam_c,-13.529595981,-30.6444335157,-2.8,-6.9
icit_c + nadp_c <=> akg_c + co2_c + nadph_c,6.37540776153,-10.7394297732,3.4,-0.7
h2o_c + ichor_c --> 23ddhb_c + pyr_c,-43.927785779,-61.0426233138,-12.4,-16.5
icit_c --> glx_c + succ_c,8.6425710491,-8.47226648562,4.9,0.8
5dglcn_c + h_c + nadh_c <=> idon__L_c + nad_c,-19.4934951769,-19.4934951769,-3.9,-3.9
5dglcn_c + h_c + nadph_c --> idon__L_c + nadp_c,-20.4702605467,-20.4702605467,-4.2,-4.2
eig3p_c --> h2o_c + imacp_c,-41.6760088797,-41.6760088797,-10.8,-10.8
2cpr5p_c + h_c --> 3ig3p_c + co2_c + h2o_c,-84.8888120927,-102.003649627,-15.4,-19.5
akg_c + ile__L_c <=> 3mop_c + glu__L_c,-4.69956290365,-4.69956290365,0,0
atp_c + h2o_c + ile__L_p --> adp_c + h_c + ile__L_c + pi_c,-27.1877516043,-44.3025891391,-6.6,-10.7
h2o_c + imp_c <=> fprica_c,18.3318799579,18.3318799579,-2.8,-2.8
h2o_c + imp_c + nad_c --> h_c + nadh_c + xmp_c,20.9590179245,20.9590179245,2.7,2.7
h2o_c + ins_c --> hxan_c + rib__D_c,-3.93419178522,-21.0490293199,-1,-5.1
atp_c + ins_c --> adp_c + h_c + imp_c,-21.7992901239,-21.7992901239,-3.8,-3.8
ipdp_c <=> dmpp_c,-4.90256069537,-4.90256069537,0.8,0.8
h2mb4p_c + h_c + nadh_c --> h2o_c + ipdp_c + nad_c,-60.3520019129,-60.3520019129,-17.3,-17.3
3c2hmp_c + nad_c --> 3c4mop_c + h_c + nadh_c,19.5187759771,19.5187759771,6.4,6.4
3c2hmp_c <=> 2ippm_c + h2o_c,-3.20210545689,-3.20210545689,0.2,0.2
2ippm_c + h2o_c <=> 3c3hmp_c,-3.19088525426,-3.19088525426,-0.2,-0.2
3mob_c + accoa_c + h2o_c --> 3c3hmp_c + coa_c + h_c,-26.4580478289,-26.4580478289,-7.3,-7.3
atp_c + h2o_c + isetac_p --> adp_c + h_c + isetac_c + pi_c,-27.1877516043,-44.3025891391,-6.6,-7.2
atp_c + h2o_c + kdo2lipid4_c --> adp_c + h_c + kdo2lipid4_p + pi_c,-27.1877516043,-44.3025891391,-6.6,-24.6
23dhmb_c + nadp_c <=> alac__S_c + h_c + nadph_c,20.477266458,20.477266458,4.2,4.2
2ahbut_c + h_c + nadph_c <=> 23dhmp_c + nadp_c,-20.4773440651,-20.4773440651,-4.2,-4.2
aacoa_c + coa_c --> 2.0 accoa_c,-26.1274139601,-26.1274139601,-7.1,-7.1
3ohcoa_c + coa_c --> accoa_c + btcoa_c,-35.2121387595,-35.2121387595,-7.1,-7.1
3oocoa_c + coa_c --> accoa_c + hxcoa_c,-32.6495886925,-32.6495886925,-7.1,-7.1
3odcoa_c + coa_c --> accoa_c + occoa_c,-32.6437661316,-32.6437661316,-7.1,-7.1
3oddcoa_c + coa_c --> accoa_c + dcacoa_c,-32.6437661316,-32.6437661316,-7.1,-7.1
3otdcoa_c + coa_c --> accoa_c + ddcacoa_c,-32.6437661316,-32.6437661316,-7.1,-7.1
3ohdcoa_c + coa_c --> accoa_c + tdcoa_c,-32.6437661316,-32.6437661316,-7.1,-7.1
h2o_c + kdo8p_c --> kdo_c + pi_c,-11.5690813688,-28.6839189036,-0.1,-4.2
ara5p_c + h2o_c + pep_c --> kdo8p_c + pi_c,-63.9001560321,-63.9001560321,-15.3,-15.3
3dhgulnp_c + h_c --> co2_c + xu5p__L_c,-11.4935247358,-28.6083622705,-3.3,-7.4
atp_c + h2o_c + k_p --> adp_c + h_c + k_c + pi_c,-27.1877516043,-44.3025891391,-6.6,-14.2
h2o_c + lcts_c --> gal_c + glc__D_c,-10.8869361778,-28.0017737125,-3.3,-7.4
h2o_p + lcts_p --> gal_p + glc__D_p,-10.8869361778,-28.0017737125,-3.3,-7.4
h_c + mthgxl_c + nadh_c --> lald__D_c + nad_c,-16.8259597092,-16.8259597092,-6.4,-6.4
h2o_c + lald__L_c + nad_c --> 2.0 h_c + lac__L_c + nadh_c,-48.1228398551,-48.1228398551,-9.4,-9.4
h_c + lald__D_c + nadh_c <=> 12ppd__R_c + nad_c,-21.9774851046,-21.9774851046,-5.4,-5.4
h_c + lald__L_c + nadh_c <=> 12ppd__S_c + nad_c,-29.2444520499,-29.2444520499,-5.4,-5.4
lac__D_c + nad_c <=> h_c + nadh_c + pyr_c,23.2708782022,23.2708782022,6.4,6.4
4mop_c + glu__L_c --> akg_c + leu__L_c,1.1840253405,1.1840253405,0,0
atp_c + h2o_c + leu__L_p --> adp_c + h_c + leu__L_c + pi_c,-27.1877516043,-44.3025891391,-6.6,-10.7
atp_c + h2o_c + lipa_c --> adp_c + h_c + lipa_p + pi_c,-27.1877516043,-44.3025891391,-6.6,-24.6
nadp_c + ser__L_c <=> 2amsa_c + h_c + nadph_c,20.8259929112,20.8259929112,5.8,5.8
h_c + lys__L_c --> 15dap_c + co2_c,-24.1388425979,-41.2536801326,-3.3,-7.4
atp_c + h2o_c + lys__L_p --> adp_c + h_c + lys__L_c + pi_c,-27.1877516043,-44.3025891391,-6.6,-14.2
lyx__L_c --> xylu__L_c,12.7505686735,12.7505686735,-0.8,-0.8
mnl1p_c + nad_c <=> f6p_c + h_c + nadh_c,10.066964447,10.066964447,2.2,2.2
mal__D_c + nad_c --> co2_c + nadh_c + pyr_c,22.2566981896,5.14186065488,1.3,-2.8
accoa_c + glx_c + h2o_c --> coa_c + h_c + mal__L_c,-33.8430891951,-33.8430891951,-8.7,-8.7
accoa_c + malt_c <=> acmalt_c + coa_c,-2.67654882883,-2.67654882883,-3.7,-3.7
atp_c + h2o_c + malthx_p --> adp_c + h_c + malthx_c + pi_c,-27.1877516043,-44.3025891391,-6.6,-10.7
atp_c + h2o_c + maltpt_p --> adp_c + h_c + maltpt_c + pi_c,-27.1877516043,-44.3025891391,-6.6,-10.7
atp_c + h2o_c + malttr_p --> adp_c + h_c + malttr_c + pi_c,-27.1877516043,-44.3025891391,-6.6,-10.7
atp_c + h2o_c + maltttr_p --> adp_c + h_c + maltttr_c + pi_c,-27.1877516043,-44.3025891391,-6.6,-10.7
atp_c + h2o_c + malt_p --> adp_c + h_c + malt_c + pi_c,-27.1877516043,-44.3025891391,-6.6,-10.7
malt_p + pep_c --> malt6p_c + pyr_c,-40.2994911745,-40.2994911745,-9.1,-9.1
gdp_c + h_c + man1p_c --> gdpmann_c + pi_c,5.27221661718,5.27221661718,1.9,1.9
man6p_c <=> f6p_c,-0.664379951534,-0.664379951534,-0.8,-0.8
mana_c + nad_c <=> fruur_c + h_c + nadh_c,12.9192664065,12.9192664065,2.2,2.2
manglyc_p + pep_c --> man6pglyc_c + pyr_c,-42.2510566847,-42.2510566847,-9.1,-9.1
h2o_c + man6pglyc_c --> glyc__R_c + man6p_c,-10.4771871904,-27.5920247251,-3.3,-7.4
man_p + pep_c --> man6p_c + pyr_c,-44.4318947272,-44.4318947272,-9.1,-9.1
2mcit_c --> 2mcacn_c + h2o_c,-0.763417484416,-0.763417484416,1.1,1.1
micit_c <=> pyr_c + succ_c,9.35633827732,-7.7584992574,4.8,0.7
h2o_c + oaa_c + ppcoa_c --> 2mcit_c + coa_c + h_c,-40.337497445,-40.337497445,-10.4,-10.4
mal__L_c + nad_c <=> h_c + nadh_c + oaa_c,29.1917646031,29.1917646031,6.4,6.4
mal__L_c + nad_c --> co2_c + nadh_c + pyr_c,13.0042217401,-4.11061579459,1.3,-2.8
mal__L_c + nadp_c --> co2_c + nadph_c + pyr_c,13.9809871099,-3.1338504248,1.6,-2.5
2me4p_c + ctp_c + h_c --> 4c2me_c + ppi_c,-4.38356166634,-4.38356166634,0.2,0.2
atp_c + h2o_c + met__D_p --> adp_c + h_c + met__D_c + pi_c,-27.1877516043,-44.3025891391,-6.6,-10.7
5mthf_c + hcys__L_c --> h_c + met__L_c + thf_c,-10.065993467,-10.065993467,-6.6,-6.6
atp_c + h2o_c + metsox_S__L_p --> adp_c + h_c + metsox_S__L_c + pi_c,-27.1877516043,-44.3025891391,-6.6,-10.7
atp_c + h2o_c + met__L_p --> adp_c + h_c + met__L_c + pi_c,-27.1877516043,-44.3025891391,-6.6,-10.7
atp_c + h2o_c + mg2_p --> adp_c + h_c + mg2_c + pi_c,-27.1877516043,-44.3025891391,-6.6,-17.6
dhap_c --> mthgxl_c + pi_c,-56.2803024272,-73.3951399619,-11.4,-15.5
h2o_c + mi1p__D_c --> inost_c + pi_c,-20.5031174462,-37.6179549809,-2.8,-6.9
h2o_c + malttr_c --> glc__D_c + malt_c,-12.9111734447,-30.0260109795,-3.3,-7.4
h2o_c + maltttr_c --> glc__D_c + malttr_c,-13.3877284495,-30.5025659842,-3.3,-7.4
h2o_c + maltpt_c --> glc__D_c + maltttr_c,-13.3877365996,-30.5025741344,-3.3,-7.4
h2o_c + malthx_c --> glc__D_c + maltpt_c,-13.3877356771,-30.5025732118,-3.3,-7.4
h2o_c + malthp_c --> glc__D_c + malthx_c,-13.3877347108,-30.5025722455,-3.3,-7.4
maltpt_c + pi_c <=> g1p_c + maltttr_c,2.97455992511,2.97455992511,-0.5,-0.5
malthx_c + pi_c <=> g1p_c + maltpt_c,2.97456084764,2.97456084764,-0.5,-0.5
malthp_c + pi_c <=> g1p_c + malthx_c,2.97456181399,2.97456181399,-0.5,-0.5
h_c + mmcoa__S_c --> co2_c + ppcoa_c,-18.4452373301,-35.5600748648,-3.3,-7.4
mmcoa__R_c <=> mmcoa__S_c,0.000732631037863,0.000732631037863,0,0
succoa_c --> mmcoa__R_c,7.57212835998,7.57212835998,-1.8,-1.8
h2o_c + man6p_c --> man_c + pi_c,-9.42131349535,-26.5361510301,-2.8,-6.9
mnl_p + pep_c --> mnl1p_c + pyr_c,-43.0697097012,-43.0697097012,-9.1,-9.1
mana_c --> 2ddglcn_c + h2o_c,-37.429339158,-37.429339158,-10.7,-10.7
atp_c + h2o_c + mobd_p --> adp_c + h_c + mobd_c + pi_c,-27.1877516043,-44.3025891391,0.1,2.9
3mob_c + h2o_c + mlthf_c --> 2dhp_c + thf_c,5.51876377931,5.51876377931,-1.4,-1.4
atp_c + h2o_c + mso3_p --> adp_c + h_c + mso3_c + pi_c,-27.1877516043,-44.3025891391,-6.6,-7.2
5mta_c + h2o_c --> 5mtr_c + ade_c,-11.6946190366,-28.8094565713,-0.8,-4.9
h2o_c + methf_c <=> 10fthf_c + h_c,-5.35909807082,-5.35909807082,-0.2,-0.2
mlthf_c + nadp_c <=> methf_c + nadph_c,9.18849037308,9.18849037308,2.3,2.3
2.0 h_c + mlthf_c + nadh_c --> 5mthf_c + nad_c,-36.7244219031,-36.7244219031,-3.8,-3.8
5mdr1p_c <=> 5mdru1p_c,-7.16265431604,-7.16265431604,0.5,0.5
5mtr_c + atp_c --> 5mdr1p_c + adp_c + h_c,-4.2981292883,-4.2981292883,-3.8,-3.8
acg5sa_c + h2o_c --> ac_c + glu5sa_c,-8.40729899455,-25.5221365293,-1.9,-6
h2o_c + nad_c --> amp_c + 2.0 h_c + nmn_c,-38.0143430816,-55.1291806163,-8.4,-12.5
atp_c + nad_c --> adp_c + h_c + nadp_c,-12.8533526084,-12.8533526084,-3.8,-3.8
h2o_c + nad_c --> adprib_c + h_c + ncam_c,-36.6291278715,-53.7439654062,-4.3,-8.4
h2o_c + nadp_c --> nad_c + pi_c,-14.3343989959,-31.4492365307,-2.8,-6.9
nad_c + nadph_c --> nadh_c + nadp_c,-0.976765369781,-0.976765369781,-0.3,-0.3
atp_c + h2o_c + nac_c + prpp_c --> adp_c + nicrnt_c + pi_c + ppi_c,-28.7029642242,-45.8178017589,-6.4,-10.5
atp_c + gdp_c <=> adp_c + gtp_c,-2.48631577578,-2.48631577578,0.3,0.3
atp_c + udp_c <=> adp_c + utp_c,-2.46657289633,-2.46657289633,0,0
atp_c + cdp_c <=> adp_c + ctp_c,-0.479305846198,-0.479305846198,0.3,0.3
atp_c + dtdp_c <=> adp_c + dttp_c,2.74053393139,2.74053393139,0,0
atp_c + dgdp_c <=> adp_c + dgtp_c,2.74873641491,2.74873641491,0.3,0.3
atp_c + dudp_c <=> adp_c + dutp_c,1.66832237055,1.66832237055,0,0
atp_c + dcdp_c <=> adp_c + dctp_c,4.32451910737,4.32451910737,0,0
atp_c + dadp_c <=> adp_c + datp_c,3.12597676297,3.12597676297,0,0
h_c + nadh_c + 2.0 no_c --> h2o_c + n2o_c + nad_c,-289.423409861,-272.308572327,-25.1,-21
atp_c + h2o_c + ni2_c --> adp_c + h_c + ni2_p + pi_c,-27.1877516043,-44.3025891391,-6.6,-3.7
atp_c + h2o_c + ni2_p --> adp_c + h_c + ni2_c + pi_c,-27.1877516043,-44.3025891391,-6.6,-17.6
atp_c + h_c + nmn_c --> nad_c + ppi_c,1.76769364101,1.76769364101,0.4,0.4
h2o_c + nmn_c --> h_c + ncam_c + r5p_c,-24.7135241676,-41.8283617023,-4.3,-8.4
h2o_c + nmn_p --> h_c + ncam_c + r5p_c,-24.7135241676,-41.8283617023,-4.3,-8.4
atp_c + h_c + nicrnt_c <=> dnad_c + ppi_c,-21.24565448,-21.24565448,0.4,0.4
dmbzid_c + nicrnt_c --> 5prdmbz_c + h_c + nac_c,-22.82417809,-22.82417809,-3.4,-3.4
2.0 h_c + prpp_c + quln_c --> co2_c + nicrnt_c + ppi_c,-21.2498505609,-38.3646880957,-1.7,-5.8
nadh_c + 2.0 no_c + 2.0 o2_c --> h_c + nad_c + 2.0 no3_c,-489.679966794,-441.077966443,-75.5,-64
nadph_c + 2.0 no_c + 2.0 o2_c --> h_c + nadp_c + 2.0 no3_c,-490.656732163,-442.054731813,-75.8,-64.2
sbzcoa_c --> coa_c + dhna_c,-99.4284655596,-116.543303094,-15.3,-19.4
dump_c + h2o_c --> duri_c + pi_c,-13.242658908,-30.3574964427,-2.8,-6.9
h2o_c + xmp_c --> pi_c + xtsn_c,-11.9327151601,-29.0475526948,-2.8,-6.9
h2o_p + xmp_p --> pi_p + xtsn_p,-11.9327151601,-29.0475526948,-2.8,-6.9
h2o_c + imp_c --> ins_c + pi_c,-5.38846148046,-22.5032990152,-2.8,-6.9
h2o_p + imp_p --> ins_p + pi_p,-5.38846148046,-22.5032990152,-2.8,-6.9
dimp_c + h2o_c --> din_c + pi_c,-15.128154702,-32.2429922367,-16.4,-20.5
dimp_p + h2o_p --> din_p + pi_p,-15.128154702,-32.2429922367,-16.4,-20.5
dump_p + h2o_p --> duri_p + pi_p,-13.242658908,-30.3574964427,-2.8,-6.9
h2o_c + ump_c --> pi_c + uri_c,-9.60006177855,-26.7148993133,-2.8,-6.9
h2o_p + ump_p --> pi_p + uri_p,-9.60006177855,-26.7148993133,-2.8,-6.9
dcmp_c + h2o_c --> dcyt_c + pi_c,-15.7545880795,-32.8694256142,-2.8,-6.9
dcmp_p + h2o_p --> dcyt_p + pi_p,-15.7545880795,-32.8694256142,-2.8,-6.9
cmp_c + h2o_c --> cytd_c + pi_c,-15.205616142,-32.3204536767,-2.8,-6.9
cmp_p + h2o_p --> cytd_p + pi_p,-15.205616142,-32.3204536767,-2.8,-6.9
dtmp_c + h2o_c --> pi_c + thymd_c,-11.3420207995,-28.4568583342,-2.8,-6.9
dtmp_p + h2o_p --> pi_p + thymd_p,-11.3420207995,-28.4568583342,-2.8,-6.9
damp_c + h2o_c --> dad_2_c + pi_c,-16.6084134417,-33.7232509764,-2.8,-6.9
damp_p + h2o_p --> dad_2_p + pi_p,-16.6084134417,-33.7232509764,-2.8,-6.9
amp_c + h2o_c --> adn_c + pi_c,-14.0078030519,-31.1226405867,-2.8,-6.9
amp_p + h2o_p --> adn_p + pi_p,-14.0078030519,-31.1226405867,-2.8,-6.9
dgmp_c + h2o_c --> dgsn_c + pi_c,-14.2112508679,-31.3260884026,-2.8,-6.9
dgmp_p + h2o_p --> dgsn_p + pi_p,-14.2112508679,-31.3260884026,-2.8,-6.9
gmp_c + h2o_c --> gsn_c + pi_c,-5.63922523114,-22.7540627659,-2.8,-6.9
gmp_p + h2o_p --> gsn_p + pi_p,-5.63922523114,-22.7540627659,-2.8,-6.9
atp_c + h2o_c --> adp_c + h_c + pi_c,-27.1877516043,-44.3025891391,-6.6,-10.7
h2o_c + itp_c --> h_c + idp_c + pi_c,-30.9062128353,-48.0210503701,-6.6,-10.7
ditp_c + h2o_c --> didp_c + h_c + pi_c,-29.822815227,-46.9376527617,-6.6,-10.7
h2o_c + xtp_c --> h_c + pi_c + xdp_c,-29.8224110459,-46.9372485806,-6.6,-10.7
gtp_c + h2o_c --> gdp_c + h_c + pi_c,-24.7014358286,-41.8162733633,-6.9,-11
gtp_p + h2o_p --> gdp_p + h_p + pi_p,-24.7014358286,-41.8162733633,-6.9,-11
ctp_c + h2o_c --> cdp_c + h_c + pi_c,-26.7084457581,-43.8232832929,-6.9,-11
dgtp_c + h2o_c --> dgmp_c + h_c + ppi_c,-41.6139128023,-58.728750337,-8.2,-12.3
ditp_c + h2o_c --> dimp_c + h_c + ppi_c,-41.4772677499,-58.5921052846,5.6,1.5
h2o_c + xtp_c --> h_c + ppi_c + xmp_c,-41.4744480572,-58.5892855919,-8,-12.1
gtp_c + h2o_c --> gmp_c + h_c + ppi_c,-32.8937204631,-50.0085579978,-8.2,-12.3
dctp_c + h2o_c --> dcmp_c + h_c + ppi_c,-39.9670651711,-57.0819027059,-8,-12.1
ctp_c + h2o_c --> cmp_c + h_c + ppi_c,-35.1052077575,-52.2200452922,-8.2,-12.3
datp_c + h2o_c --> damp_c + h_c + ppi_c,-41.4822142638,-58.5970517985,-8,-12.1
atp_c + h2o_c --> amp_c + h_c + ppi_c,-36.2466494406,-53.3614869753,-8,-12.1
dttp_c + h2o_c --> dtmp_c + h_c + ppi_c,-38.251233363,-55.3660708977,-8,-12.1
h2o_c + utp_c --> h_c + ppi_c + ump_c,-31.0351885494,-48.1500260841,-8,-12.1
h2o_c + itp_c --> h_c + imp_c + ppi_c,-10.0055571148,-27.1203946495,-8,-12.1
h_c + oaa_c --> co2_c + pyr_c,-16.187542863,-33.3023803977,-5.1,-9.2
2obut_c + coa_c --> for_c + ppcoa_c,-2.13940769419,-2.13940769419,-5.1,-5.1
cbp_c + orn_c <=> citr__L_c + h_c + pi_c,-29.1077223258,-29.1077223258,-9.3,-9.3
frdp_c + 5.0 ipdp_c --> octdp_c + 5.0 ppi_c,-368.633982298,-368.633982298,-66.6,-66.6
glu__L_c + ohpb_c <=> akg_c + phthr_c,9.64430877091,9.64430877091,0,0
3c4mop_c + h_c --> 4mop_c + co2_c,-18.2743449943,-35.389182529,-3.3,-7.4
h_c + orot5p_c --> co2_c + ump_c,-28.4624540642,-45.5772915989,-1.9,-6
h2o_c + op4en_c --> 4h2opntn_c,-0.715489945539,-0.715489945539,-8,-8
3ophb_c + h_c --> 2oph_c + co2_c,-9.86552937594,-26.9803669107,-0.3,-4.4
2oph_c + 0.5 o2_c --> 2ohph_c,-211.361615989,-199.211115901,-41.4,-38.5
2oph_c + 2.0 atp_c + 3.0 h2o_c + nad_c --> 2ohph_c + 2.0 adp_c + 3.0 h_c + nadh_c + 2.0 pi_c,-36.9139023726,-71.1435774421,0,-8.2
h_c + orn_c --> co2_c + ptrc_c,-42.9029010433,-60.017738578,-3.3,-7.4
atp_c + h2o_c + orn_p --> adp_c + h_c + orn_c + pi_c,-27.1877516043,-44.3025891391,-6.6,-14.2
orot5p_c + ppi_c <=> orot_c + prpp_c,-12.8715297368,-12.8715297368,3.2,3.2
oxur_c + pi_c --> cbp_c + oxam_c,7.81405943518,7.81405943518,-5.9,-5.9
1pyr5c_c + 2.0 h2o_c + nad_c --> glu__L_c + h_c + nadh_c,-56.3751155667,-56.3751155667,5.4,5.4
1pyr5c_c + 2.0 h_c + nadph_c --> nadp_c + pro__L_c,-49.8078202253,-49.8078202253,1.3,1.3
atp_c + coa_c + pac_c --> amp_c + phaccoa_c + ppi_c,-73.4347128363,-73.4347128363,-2.4,-2.4
ala_B_c + atp_c + pant__R_c --> amp_c + h_c + pnto__R_c + ppi_c,-43.1693269659,-43.1693269659,-7.6,-7.6
udcpp_c + ugmda_c --> uagmda_c + ump_c,1.8577499243,1.8577499243,0,0
paps_c + trdrd_c --> 2.0 h_c + pap_c + so3_c + trdox_c,-36.1130768703,-53.227914405,Not calculated,Not calculated
camp_c + h2o_c --> amp_c + h_c,-42.5835675722,-42.5835675722,-8.4,-8.4
coa_c + nad_c + pyr_c --> accoa_c + co2_c + nadh_c,-35.312383623,-35.312383623,-8.3,-8.3
nad_c + pdx5p_c --> h_c + nadh_c + pydx5p_c,20.9093596164,20.9093596164,3.9,3.9
o2_c + pdx5p_c --> h2o2_c + pydx5p_c,-111.380037984,-104.193875343,-27.9,-26.3
dxyl5p_c + nad_c + phthr_c --> co2_c + 2.0 h2o_c + h_c + nadh_c + pdx5p_c + pi_c,-230.078110225,-247.19294776,-32.1,-36.2
h2o_c + pdx5p_c --> pi_c + pydxn_c,-17.155922976,-34.2707605107,-2.8,-6.9
4per_c + nad_c <=> h_c + nadh_c + ohpb_c,19.5341380383,19.5341380383,6.4,6.4
atp_c + f6p_c --> adp_c + fdp_c + h_c,-16.0189378078,-16.0189378078,-3.8,-3.8
atp_c + tag6p__D_c --> adp_c + h_c + tagdp__D_c,-17.9366574272,-17.9366574272,-3.8,-3.8
coa_c + pyr_c --> accoa_c + for_c,-21.2147999143,-21.2147999143,-5.1,-5.1
gam1p_c <=> gam6p_c,-6.94070725024,-6.94070725024,0,0
3pg_c + nad_c --> 3php_c + h_c + nadh_c,33.4109611,33.4109611,6.4,6.4
g6p_c <=> f6p_c,2.52457096219,2.52457096219,-0.8,-0.8
3pg_c + atp_c <=> 13dpg_c + adp_c,18.5540005358,18.5540005358,2.8,2.8
6pgl_c + h2o_c --> 6pgc_c + h_c,-22.0581036956,-22.0581036956,-5.1,-5.1
2pglyc_c + h2o_c --> glyclt_c + pi_c,-29.6259525326,-46.7407900674,-2.8,-6.9
2pg_c <=> 3pg_c,-4.18493039117,-4.18493039117,0,0
g1p_c <=> g6p_c,-7.4187247828,-7.4187247828,0,0
atp_c + h2o_c + pheme_c --> adp_c + h_c + pheme_p + pi_c,-27.1877516043,-44.3025891391,0.1,-10.9
akg_c + phe__L_c <=> glu__L_c + phpyr_c,-0.484751195668,-0.484751195668,0,0
6.0 h2o_p + minohp_p --> inost_p + 6.0 pi_p,-55.0744294462,-157.763454654,-16.7,-41.2
atp_c + h2o_c + pi_p --> adp_c + h_c + 2.0 pi_c,-27.1877516043,-44.3025891391,-6.6,-3.7
man1p_c <=> man6p_c,-4.32252557595,-4.32252557595,0,0
5aprbu_c + h2o_c --> 4r5au_c + pi_c,-13.9466362805,-31.0614738153,-2.8,-6.9
4ampm_c + atp_c --> 2mahmp_c + adp_c,-3.75377336931,-3.75377336931,-0.1,-0.1
atp_c + pnto__R_c --> 4ppan_c + adp_c + h_c,-8.76198651521,-8.76198651521,-3.8,-3.8
h2o_c + ppi_c --> h_c + 2.0 pi_c,-15.9903315327,-33.1051690674,-5.1,-9.2
adp_c + ppap_c <=> atp_c + ppa_c,-32.3381683116,-32.3381683116,-2.8,-2.8
2.0 5aop_c --> 2.0 h2o_c + h_c + ppbng_c,-110.195457381,-93.0806198459,-15.3,-11.2
co2_c + h2o_c + pep_c --> h_c + oaa_c + pi_c,-37.6656653596,-37.6656653596,-6.8,-6.8
4ppcys_c + h_c --> co2_c + pan4p_c,-21.0099232235,-38.1247607582,-3.3,-7.4
atp_c + oaa_c --> adp_c + co2_c + pep_c,10.4779137552,-6.6369237795,0.2,-3.9
ppcoa_c + succ_c --> ppa_c + succoa_c,-16.1093198047,-16.1093198047,0,0
h2o_c + ppgpp_c --> gdp_c + ppi_c,-28.1297721926,-45.2446097273,-4.4,-8.5
atp_c + pi_c <=> adp_c + ppi_c,-11.1974200716,-11.1974200716,-1.5,-1.5
r1p_c <=> r5p_c,-13.3686033698,-13.3686033698,0,0
2dr1p_c <=> 2dr5p_c,-28.9128896408,-28.9128896408,0,0
4ppan_c + ctp_c + cys__L_c --> 4ppcys_c + cmp_c + h_c + ppi_c,-46.5514393771,-46.5514393771,-7.9,-7.9
h_c + pphn_c --> co2_c + h2o_c + phpyr_c,-71.4032383105,-88.5180758452,-27.4,-31.5
h_c + nadh_c + o2_c + pppn_c --> cechddd_c + nad_c,-395.03879407,-370.737793895,-73.8,-68.1
atp_c + h2o_c + pyr_c --> amp_c + 2.0 h_c + pep_c + pi_c,1.61622724928,-15.4986102854,-1.2,-5.3
atp_c + gly_c + pram_c <=> adp_c + gar_c + h_c + pi_c,-23.5976635593,-23.5976635593,-6.2,-6.2
pran_c --> 2cpr5p_c,-5.81607424981,-5.81607424981,0.5,0.5
prfp_c <=> prlp_c,-5.7534747221,-5.7534747221,0.5,0.5
fad_c + pro__L_c --> 1pyr5c_c + fadh2_c + h_c,34.1261009262,34.1261009262,-5.6,-5.6
atp_c + h2o_c + pro__L_p --> adp_c + h_c + pi_c + pro__L_c,-27.1877516043,-44.3025891391,-6.6,-10.7
atp_c + r5p_c <=> amp_c + h_c + prpp_c,0.845255971489,0.845255971489,-3.8,-3.8
pep_c + skm5p_c <=> 3psme_c + pi_c,-12.5576031652,-12.5576031652,0.5,0.5
3php_c + glu__L_c --> akg_c + pser__L_c,-11.4564173273,-11.4564173273,0,0
h2o_c + pser__L_c --> pi_c + ser__L_c,-10.2775205887,-27.3923581234,-2.8,-6.9
h2o_p + pser__L_p --> pi_p + ser__L_p,-10.2775205887,-27.3923581234,-2.8,-6.9
pi_c + ppcoa_c --> coa_c + ppap_c,17.749808096,17.749808096,3.8,3.8
accoa_c + pi_c <=> actp_c + coa_c,9.63150076365,9.63150076365,3.8,3.8
h2o_p + thrp_p --> pi_p + thr__L_p,-31.1690266625,-48.2838641972,-2.8,-6.9
atp_c + h_c + pan4p_c --> dpcoa_c + ppi_c,-15.9110509999,-15.9110509999,0.4,0.4
akg_c + ptrc_c --> 4abutn_c + glu__L_c,2.21985635324,2.21985635324,-1.1,-1.1
atp_c + h2o_c + ptrc_p --> adp_c + h_c + pi_c + ptrc_c,-27.1877516043,-44.3025891391,-6.6,-17.6
adn_c + pi_c <=> ade_c + r1p_c,8.05138925117,8.05138925117,1.9,1.9
dad_2_c + pi_c <=> 2dr1p_c + ade_c,11.1509378068,11.1509378068,1.9,1.9
gsn_c + pi_c <=> gua_c + r1p_c,11.1188982367,11.1188982367,1.8,1.8
dgsn_c + pi_c <=> 2dr1p_c + gua_c,15.6075612288,15.6075612288,1.8,1.8
ins_c + pi_c <=> hxan_c + r1p_c,8.95917835038,8.95917835038,1.8,1.8
din_c + pi_c <=> 2dr1p_c + hxan_c,9.65038148558,9.65038148558,1.8,1.8
pi_c + xtsn_c <=> r1p_c + xan_c,10.6758615264,10.6758615264,1.8,1.8
atp_c + pydam_c --> adp_c + h_c + pyam5p_c,-13.6581556233,-13.6581556233,-3.8,-3.8
atp_c + pydx_c --> adp_c + h_c + pydx5p_c,-15.1384977471,-15.1384977471,-3.8,-3.8
atp_c + pydxn_c --> adp_c + h_c + pdx5p_c,-10.0318286283,-10.0318286283,-3.8,-3.8
h2o_c + pydx5p_c --> pi_c + pydx_c,-12.0492538572,-29.164091392,-2.8,-6.9
adp_c + h_c + pep_c --> atp_c + pyr_c,-26.6654566182,-26.6654566182,-5.3,-5.3
pi_c + uri_c <=> r1p_c + ura_c,0.798960903704,0.798960903704,1.9,1.9
dhap_c + iasp_c --> 2.0 h2o_c + pi_c + quln_c,-225.7094942,-225.7094942,-11.7,-11.7
atp_c + r15bp_c --> adp_c + prpp_c,9.1773605884,9.1773605884,-0.1,-0.1
atp_c + r1p_c --> adp_c + h_c + r15bp_c,-23.8392302221,-23.8392302221,-3.8,-3.8
h2o_c + r5p_c --> pi_c + rib__D_c,0.475233234196,-16.6396043005,-2.8,-6.9
h2o_p + r5p_p --> pi_p + rib__D_p,0.475233234196,-16.6396043005,-2.8,-6.9
atp_c + ribflv_c --> adp_c + fmn_c + h_c,1.80785715735,1.80785715735,-3.8,-3.8
4r5au_c + db4p_c --> dmlz_c + 2.0 h2o_c + pi_c,-82.5009159199,-82.5009159199,-13.4,-13.4
2.0 dmlz_c --> 4r5au_c + ribflv_c,-161.586885373,-161.586885373,-38.1,-38.1
atp_c + rib__D_c --> adp_c + h_c + r5p_c,-27.6629848385,-27.6629848385,-3.8,-3.8
atp_c + rbl__L_c --> adp_c + h_c + ru5p__L_c,-23.6739471667,-23.6739471667,-4.1,-4.1
ru5p__L_c <=> xu5p__D_c,-0.494945609883,-0.494945609883,0,0
rhcys_c --> dhptd_c + hcys__L_c,-12.1382797911,-29.2531173258,-3.8,-7.9
atp_c + h2o_c + rib__D_p --> adp_c + h_c + pi_c + rib__D_c,-27.1877516043,-44.3025891391,-6.6,-10.7
rmn_c <=> rml_c,0.176058812447,0.176058812447,1,1
atp_c + rml_c --> adp_c + h_c + rml1p_c,-3.22701470583,-3.22701470583,-3.8,-3.8
rml1p_c <=> dhap_c + lald__L_c,6.41293253163,-10.7019050031,2.4,-1.7
adp_c + trdrd_c --> dadp_c + h2o_c + trdox_c,-44.3921012225,-44.3921012225,Not calculated,Not calculated
gdp_c + trdrd_c --> dgdp_c + h2o_c + trdox_c,-38.4342483236,-38.4342483236,Not calculated,Not calculated
cdp_c + trdrd_c --> dcdp_c + h2o_c + trdox_c,-40.4203519655,-40.4203519655,Not calculated,Not calculated
trdrd_c + udp_c --> dudp_c + h2o_c + trdox_c,-39.5416223794,-39.5416223794,Not calculated,Not calculated
ru5p__D_c <=> xu5p__D_c,-3.37365632599,-3.37365632599,0,0
r5p_c <=> ru5p__D_c,3.67820639484,3.67820639484,0.5,0.5
5prdmbz_c + h2o_c --> pi_c + rdmbzi_c,-14.1247386856,-31.2395762203,-2.8,-6.9
s7p_c --> gmhep7p_c,1.42512827271,1.42512827271,-1,-1
atp_c + gtp_c + h2o_c + so4_c --> aps_c + gdp_c + pi_c + ppi_c,23.1373450842,6.02250754946,4.7,0.6
h2o_c + o2_c + sarcs_c --> fald_c + gly_c + h2o2_c,-76.9724365776,-86.9011114716,-19.3,-21.7
nad_c + sbt6p_c <=> f6p_c + h_c + nadh_c,14.5064108762,14.5064108762,2.2,2.2
pep_c + sbt__D_p --> pyr_c + sbt6p_c,-45.7912582562,-45.7912582562,-9.1,-9.1
h2o_c + sl26da_c --> 26dap_LL_c + succ_c,7.98114230388,-9.13369523084,-0.3,-4.4
akg_c + sl26da_c <=> glu__L_c + sl2a6o_c,0.762199773407,0.762199773407,0,0
accoa_c + ser__L_c <=> acser_c + coa_c,-6.76414160427,-6.76414160427,-3.7,-3.7
h2o_c + sucglu_c --> glu__L_c + succ_c,-2.52877153563,-19.6436090704,-0.3,-4.4
h2o_c + nad_c + sucgsa_c --> 2.0 h_c + nadh_c + sucglu_c,-41.7183214874,-41.7183214874,-9.4,-9.4
3dhsk_c + h_c + nadph_c <=> nadp_c + skm_c,-78.9753938047,-78.9753938047,-1.4,-1.4
atp_c + skm_c --> adp_c + h_c + skm5p_c,-6.22051010009,-6.22051010009,-3.8,-3.8
cys__L_c + suchms_c --> cyst__L_c + h_c + succ_c,-61.2986585978,-61.2986585978,-7.6,-7.6
akg_c + sucorn_c --> glu__L_c + sucgsa_c,-1.39806355245,-1.39806355245,-1.1,-1.1
accoa_c + spmd_c --> N1aspmd_c + coa_c + h_c,-20.2982429792,-20.2982429792,-5.2,-5.2
accoa_c + spmd_c --> coa_c + h_c + n8aspmd_c,-20.1745608054,-20.1745608054,-5.2,-5.2
atp_c + h2o_c + spmd_p --> adp_c + h_c + pi_c + spmd_c,-27.1877516043,-44.3025891391,-6.6,-21.1
h2o_c + nad_c + sucsal_c --> 2.0 h_c + nadh_c + succ_c,-35.1853293358,-35.1853293358,-9.4,-9.4
h2o_c + nadp_c + sucsal_c --> 2.0 h_c + nadph_c + succ_c,-34.208563966,-34.208563966,-9.2,-9.2
atp_c + coa_c + sucbz_c --> amp_c + ppi_c + sbzcoa_c,-13.7278477117,-13.7278477117,-2.4,-2.4
2shchc_c --> h2o_c + sucbz_c,-12.7012816441,-12.7012816441,-23.6,-23.6
atp_c + coa_c + succ_c <=> adp_c + pi_c + succoa_c,-1.52095958909,-1.52095958909,-1,-1
pep_c + sucr_p --> pyr_c + suc6p_c,-38.8073117209,-38.8073117209,-9.1,-9.1
atp_c + h2o_c + sulfac_p --> adp_c + h_c + pi_c + sulfac_c,-27.1877516043,-44.3025891391,-6.6,-3.7
5.0 h_c + 3.0 nadph_c + so3_c --> 3.0 h2o_c + h2s_c + 3.0 nadp_c,-125.067417864,-125.067417864,-30,-30
atp_c + h2o_c + so4_p --> adp_c + h_c + pi_c + so4_c,-27.1877516043,-44.3025891391,-6.6,-3.7
altrn_c + nad_c <=> h_c + nadh_c + tagur_c,13.3393282404,13.3393282404,2.2,2.2
g3p_c + s7p_c <=> e4p_c + f6p_c,-0.734353282425,-0.734353282425,-1.7,-1.7
tartr__L_c --> h2o_c + oaa_c,-35.2755652303,-35.2755652303,-8.3,-8.3
atp_c + h2o_c + taur_p --> adp_c + h_c + pi_c + taur_c,-27.1877516043,-44.3025891391,-6.6,-10.7
h2o_c + thmpp_c --> h_c + pi_c + thmmp_c,-24.2223062739,-41.3371438086,-6.5,-10.6
dtdp4d6dg_c + glu__L_c --> akg_c + dtdp4addg_c,13.8571933189,13.8571933189,3.8,3.8
dtdp4d6dg_c --> dtdp4d6dm_c,-12.3370991338,-12.3370991338,0,0
dtdp4d6dm_c + h_c + nadph_c --> dtdprmn_c + nadp_c,-6.15530842962,-6.15530842962,-2.9,-2.9
dtdpglu_c --> dtdp4d6dg_c + h2o_c,-46.1952922897,-46.1952922897,-13.8,-13.8
atp_c + lipidAds_c --> adp_c + h_c + lipidA_c,-10.4548826159,-10.4548826159,-3.8,-3.8
tagdp__D_c <=> dhap_c + g3p_c,17.9435941987,0.828756663978,4.2,0.1
2.0 h_p + nadh_c + nadp_c --> 2.0 h_c + nad_c + nadph_c,0.976765369781,0.976765369781,0.3,-6.1
h2o_c + succoa_c + thdp_c --> coa_c + sl2a6o_c,20.2021894722,20.2021894722,11.8,11.8
h2o2_c + trdrd_c --> 2.0 h2o_c + trdox_c,-315.439218148,-298.324380613,Not calculated,Not calculated
atp_c + h2o_c + thm_p --> adp_c + h_c + pi_c + thm_c,-27.1877516043,-44.3025891391,-6.6,-14.2
athr__L_c --> acald_c + gly_c,-2.49491688252,-19.6097544172,3,-1.1
thr__L_c --> acald_c + gly_c,9.89029014144,-7.22454739328,3,-1.1
nad_c + thr__L_c --> 2aobut_c + h_c + nadh_c,29.7179345157,29.7179345157,4,4
h2o_c + phom_c --> pi_c + thr__L_c,-28.242378836,-45.3572163707,-4.5,-8.6
atp_c + h2o_c + thr__L_p --> adp_c + h_c + pi_c + thr__L_c,-27.1877516043,-44.3025891391,-6.6,-10.7
r5p_c + xu5p__D_c <=> g3p_c + s7p_c,-2.09104419218,-2.09104419218,1.9,1.9
e4p_c + xu5p__D_c <=> f6p_c + g3p_c,-10.0530189492,-10.0530189492,-1.7,-1.7
atp_c + thymd_c --> adp_c + dtmp_c + h_c,-15.8457308048,-15.8457308048,-3.8,-3.8
pi_c + thymd_c <=> 2dr1p_c + thym_c,4.64088806364,4.64088806364,1.9,1.9
dump_c + mlthf_c --> dhf_c + dtmp_c,-44.272122711,-44.272122711,-16,-16
atp_c + thm_c --> adp_c + h_c + thmmp_c,-6.01068888569,-6.01068888569,-3.8,-3.8
atp_c + thmmp_c --> adp_c + thmpp_c,-2.96544533047,-2.96544533047,-0.1,-0.1
2mahmp_c + 4mpetz_c + h_c --> ppi_c + thmmp_c,-4.68497877866,-4.68497877866,0.2,0.2
dhap_c <=> g3p_c,5.50124379648,5.50124379648,1.4,1.4
atp_c + dpcoa_c --> 2tpr3dpcoa_c + ade_c,-0.130707300073,-0.130707300073,-6.6,-6.6
h_c + nadph_c + trdox_c --> nadp_c + trdrd_c,-10.8945832712,-10.8945832712,Not calculated,Not calculated
h2o_c + tre6p_c --> g6p_c + glc__D_c,-9.70193455483,-26.8167720896,-3.3,-7.4
h2o_c + tre6p_c --> pi_c + tre_c,-6.98591623867,-24.1007537734,-2.8,-6.9
g6p_c + udpg_c --> h_c + tre6p_c + udp_c,-16.1000121682,-16.1000121682,-1.4,-1.4
h2o_c + tre_c --> 2.0 glc__D_c,-11.6595900581,-28.7744275928,-3.3,-7.4
h2o_p + tre_p --> 2.0 glc__D_p,-11.6595900581,-28.7744275928,-3.3,-7.4
pep_c + tre_p --> pyr_c + tre6p_c,-46.8672919839,-46.8672919839,-9.1,-9.1
3ig3p_c + ser__L_c --> g3p_c + h2o_c + trp__L_c,-30.5427728497,-30.5427728497,-9.3,-9.3
indole_c + ser__L_c --> h2o_c + trp__L_c,-49.7477833596,-32.6329458249,-11.7,-7.6
3ig3p_c --> g3p_c + indole_c,19.2050105099,2.09017297519,2.4,-1.7
2h3oppan_c + h_c + nadh_c <=> glyc__R_c + nad_c,-32.1245316617,-32.1245316617,-5.4,-5.4
atp_c + h2o_c + tsul_p --> adp_c + h_c + pi_c + tsul_c,-27.1877516043,-44.3025891391,-6.6,-7.2
atp_c + h2o_c + tungs_p --> adp_c + h_c + pi_c + tungs_c,-27.1877516043,-44.3025891391,0.1,2.9
26dap__M_c + atp_c + uamag_c --> adp_c + h_c + pi_c + ugmd_c,-24.0213976152,-24.0213976152,-6.2,-6.2
h2o_p + udpacgal_p --> acgal1p_p + 2.0 h_p + ump_p,-28.1764228913,-45.2912604261,-8.4,-12.5
h2o_p + uacgam_p --> acgam1p_p + 2.0 h_p + ump_p,-30.7625682485,-47.8774057832,-8.4,-12.5
h2o_c + 2.0 nad_c + uacmam_c --> 3.0 h_c + 2.0 nadh_c + uacmamu_c,-20.5972557971,-20.5972557971,-4.1,-4.1
uacgam_c <=> uacmam_c,0.0291025004003,0.0291025004003,0,0
pep_c + uacgam_c --> pi_c + uaccg_c,-12.1811955791,-12.1811955791,0.5,0.5
acgam1p_c + h_c + utp_c --> ppi_c + uacgam_c,-0.272620300924,-0.272620300924,0.4,0.4
uacgam_c + uagmda_c --> h_c + uaagmda_c + udp_c,-14.6133761165,-14.6133761165,-1.4,-1.4
atp_c + glu__D_c + uama_c --> adp_c + h_c + pi_c + uamag_c,-27.6672458613,-27.6672458613,-6.2,-6.2
ala__L_c + atp_c + uamr_c --> adp_c + h_c + pi_c + uama_c,-27.1681077157,-27.1681077157,-6.2,-6.2
h_c + nadph_c + uaccg_c --> nadp_c + uamr_c,-60.586597491,-60.586597491,-15.8,-15.8
udpg_c <=> udpgal_c,2.94608663262,2.94608663262,0,0
udpgal_c --> udpgalfur_c,4.77639601621,4.77639601621,0.5,0.5
h2o_p + udpgal_p --> gal1p_p + 2.0 h_p + ump_p,-28.868823582,-45.9836611167,-8.4,-12.5
h2o_c + 2.0 nad_c + udpg_c --> 3.0 h_c + 2.0 nadh_c + udpglcur_c,-16.4436218958,-16.4436218958,-4.1,-4.1
h2o_p + udpg_p --> g1p_p + 2.0 h_p + ump_p,-31.7439915723,-48.8588291071,-8.4,-12.5
h2o_p + udpglcur_p --> glcur1p_p + 2.0 h_p + ump_p,-31.9556959853,-49.07053352,-8.4,-12.5
gal1p_c + udpg_c <=> g1p_c + udpgal_c,-2.87516799034,-2.87516799034,0,0
alaala_c + atp_c + ugmd_c --> adp_c + h_c + pi_c + ugmda_c,-29.1610423203,-29.1610423203,-6.3,-6.3
h2o_c + u3aga_c --> ac_c + u3hga_c,-7.05608791954,-24.1709254543,-1.8,-5.9
10fthf_c + udpLa4n_c --> h_c + thf_c + udpLa4fn_c,3.39073106136,3.39073106136,2.3,2.3
atp_c + ump_c <=> adp_c + udp_c,-4.88341023024,-4.88341023024,-0.1,-0.1
4.0 h_c + uppg3_c --> 4.0 co2_c + cpppg3_c,-37.2603567323,-105.719706871,Not calculated,Not calculated
prpp_c + ura_c --> ppi_c + ump_c,-14.9222011674,-14.9222011674,-3.2,-3.2
nad_c + urdglyc_c --> h_c + nadh_c + oxur_c,-10.1054598383,-10.1054598383,6.4,6.4
2.0 h2o_c + o2_c + urate_c --> alltn_c + co2_c + h2o2_c,-93.7915454006,-103.720220295,-41.2,-43.7
atp_c + dump_c <=> adp_c + dudp_c,-0.273719615863,-0.273719615863,-0.1,-0.1
h2o_c + uri_c --> rib__D_c + ura_c,-12.0944092319,-29.2092467666,-0.9,-5
gtp_c + uri_c --> gdp_c + h_c + ump_c,-15.10137405,-15.10137405,-4.1,-4.1
akg_c + val__L_c <=> 3mob_c + glu__L_c,3.14670430582,3.14670430582,0,0
atp_c + h2o_c + val__L_p --> adp_c + h_c + pi_c + val__L_c,-27.1877516043,-44.3025891391,-6.6,-10.7
xu5p__L_c --> ru5p__L_c,-0.8117953862,-0.8117953862,0,0
h2o_c + nad_c + xan_c --> h_c + nadh_c + urate_c,-22.9396539736,-22.9396539736,-9.8,-9.8
prpp_c + xan_c --> ppi_c + xmp_c,-22.4664484086,-22.4664484086,-3.2,-3.2
h2o_c + xtsn_c --> rib__D_c + xan_c,-2.2175086092,-19.3323461439,-1,-5.1
xyl__D_c <=> xylu__D_c,3.70670603692,3.70670603692,-0.8,-0.8
glc__D_c <=> fru_c,-0.0957605732362,-0.0957605732362,-0.8,-0.8
atp_c + xylu__D_c --> adp_c + h_c + xu5p__D_c,-24.1688927766,-24.1688927766,-4.1,-4.1
atp_c + xylu__L_c --> adp_c + h_c + xu5p__L_c,-22.4067251301,-22.4067251301,-4.1,-4.1
atp_c + h2o_c + xyl__D_p --> adp_c + h_c + pi_c + xyl__D_c,-27.1877516043,-44.3025891391,-6.6,-10.7
atp_c + h2o_c + zn2_c --> adp_c + h_c + pi_c + zn2_p,-27.1877516043,-44.3025891391,-6.6,-3.7
atp_c + h2o_c + zn2_p --> adp_c + h_c + pi_c + zn2_c,-27.1877516043,-44.3025891391,-6.6,-17.6
